mc	mn	mc_onset	mn_onset	timesig	staff	voice	label	offset_x	offset_y	offset	globalkey	localkey	pedal	chord	numeral	form	figbass	changes	relativeroot	cadence	phraseend	chord_type	globalkey_is_minor	localkey_is_minor	chord_tones	added_tones	root	bass_note	n_colored	n_untouched	count_ratio	dur_colored	dur_untouched	dur_ratio
1	1	0	0	2/2	2	1	F.V				F	I		V	V							M	0	0	0, 4, 1		0	0	1	2	0.3333333333333333	0.0625	0.125	0.3333333333333333
1	1	1/4	1/4	2/2	2	1	I				F	I		I	I							M	0	0	-1, 3, 0		-1	-1	1	3	0.25	0.0625	0.1875	0.25
1	1	1/2	1/2	2/2	2	1	IV				F	I		IV	IV							M	0	0	-2, 2, -1		-2	-2	2	2	0.5	0.125	0.125	0.5
1	1	3/4	3/4	2/2	2	1	V43				F	I		V43	V		43					Mm7	0	0	1, -2, 0, 4		0	1	0	4	0.0	0.0	0.25	0.0
2	2	0	0	2/2	2	1	I64				F	I		I64	I		64					M	0	0	0, -1, 3		-1	0	2	3	0.4	0.125	0.3125	0.2857142857142857
2	2	1/4	1/4	2/2	2	1	I				F	I		I	I							M	0	0	-1, 3, 0		-1	-1	1	5	0.16666666666666666	0.0625	0.4375	0.125
2	2	1/2	1/2	2/2	2	1	IV				F	I		IV	IV							M	0	0	-2, 2, -1		-2	-2	3	3	0.5	0.1875	0.3125	0.375
2	2	3/4	3/4	2/2	2	1	V43				F	I		V43	V		43					Mm7	0	0	1, -2, 0, 4		0	1	1	5	0.16666666666666666	0.0625	0.4375	0.125
3	3	0	0	2/2	2	1	I6				F	I		I6	I		6					M	0	0	3, 0, -1		-1	3	1	2	0.3333333333333333	0.0625	0.1875	0.25
3	3	1/8	1/8	2/2	2	1	I				F	I		I	I							M	0	0	-1, 3, 0		-1	-1	1	2	0.3333333333333333	0.0625	0.1875	0.25
3	3	1/4	1/4	2/2	2	1	vi6				F	I		vi6	vi		6					m	0	0	-1, 3, 2		2	-1	1	5	0.16666666666666666	0.0625	0.4375	0.125
3	3	1/2	1/2	2/2	2	1	V2/V				F	I		V2/V	V		2		V			Mm7	0	0	-1, 1, 5, 2		1	-1	1	5	0.16666666666666666	0.0625	0.4375	0.125
3	3	3/4	3/4	2/2	2	1	V6				F	I		V6	V		6					M	0	0	4, 1, 0		0	4	2	4	0.3333333333333333	0.125	0.375	0.25
4	4	0	0	2/2	2	1	ii(2)/V				F	I		ii(2)/V	ii			2	V			m	0	0	4, -1, 3		2	4	1	2	0.3333333333333333	0.0625	0.1875	0.25
4	4	1/8	1/8	2/2	2	1	IV6/V				F	I		IV6/V	IV		6		V			M	0	0	3, 0, -1		-1	3	0	3	0.0	0.0	0.25	0.0
4	4	1/4	1/4	2/2	2	1	viio6/V				F	I		viio6/V	vii	o	6		V			o	0	0	2, -1, 5		5	2	1	5	0.16666666666666666	0.0625	0.4375	0.125
4	4	1/2	1/2	2/2	2	1	iii2/V				F	I		iii2/V	iii		2		V			mm7	0	0	2, 4, 1, 5		4	2	1	5	0.16666666666666666	0.0625	0.4375	0.125
4	4	3/4	3/4	2/2	2	1	vi6/V				F	I		vi6/V	vi		6		V			m	0	0	0, 4, 3		3	0	1	5	0.16666666666666666	0.0625	0.4375	0.125
5	5	0	0	2/2	2	1	IVM43/V				F	I		IVM43/V	IV	M	43		V			MM7	0	0	0, 4, -1, 3		-1	0	1	5	0.16666666666666666	0.0625	0.4375	0.125
5	5	1/4	1/4	2/2	2	1	V6/V				F	I		V6/V	V		6		V			M	0	0	5, 2, 1		1	5	1	2	0.3333333333333333	0.0625	0.25	0.2
5	5	3/8	3/8	2/2	2	1	V2/V				F	I		V2/V	V		2		V			Mm7	0	0	-1, 1, 5, 2		1	-1	0	3	0.0	0.0	0.1875	0.0
5	5	1/2	1/2	2/2	2	1	V6(2)				F	I		V6(2)	V		6	2				M	0	0	4, 1, 2		0	4	2	3	0.4	0.125	0.375	0.25
5	5	3/4	3/4	2/2	2	1	V6				F	I		V6	V		6					M	0	0	4, 1, 0		0	4	2	2	0.5	0.125	0.125	0.5
5	5	7/8	7/8	2/2	2	1	V				F	I		V	V							M	0	0	0, 4, 1		0	0	1	3	0.25	0.0625	0.1875	0.25
6	6	0	0	2/2	2	1	IV6/V				F	I		IV6/V	IV		6		V			M	0	0	3, 0, -1		-1	3	2	2	0.5	0.125	0.125	0.5
6	6	1/8	1/8	2/2	2	1	IV/V				F	I		IV/V	IV				V			M	0	0	-1, 3, 0		-1	-1	1	3	0.25	0.0625	0.1875	0.25
6	6	1/4	1/4	2/2	2	1	V7/V				F	I		V7/V	V		7		V			Mm7	0	0	1, 5, 2, -1		1	1	0	6	0.0	0.0	0.5	0.0
6	6	1/2	1/2	2/2	2	1	V				F	I		V	V							M	0	0	0, 4, 1		0	0	0	3	0.0	0.0	0.25	0.0
6	6	5/8	5/8	2/2	2	1	vi/V				F	I		vi/V	vi				V			m	0	0	3, 0, 4		3	3	1	2	0.3333333333333333	0.0625	0.1875	0.25
6	6	3/4	3/4	2/2	2	1	V				F	I		V	V							M	0	0	0, 4, 1		0	0	1	5	0.16666666666666666	0.0625	0.4375	0.125
7	7	0	0	2/2	2	1	IV/V				F	I		IV/V	IV				V			M	0	0	-1, 3, 0		-1	-1	3	5	0.375	0.125	0.375	0.25
7	7	1/4	1/4	2/2	2	1	V43/V				F	I		V43/V	V		43		V			Mm7	0	0	2, -1, 1, 5		1	2	0	6	0.0	0.0	0.5	0.0
7	7	1/2	1/2	2/2	2	1	VM7				F	I		VM7	V	M	7					MM7	0	0	0, 4, 1, 5		0	0	1	5	0.16666666666666666	0.0625	0.4375	0.125
7	7	3/4	3/4	2/2	2	1	IV/V				F	I		IV/V	IV				V			M	0	0	-1, 3, 0		-1	-1	1	5	0.16666666666666666	0.0625	0.4375	0.125
8	8	0	0	2/2	2	1	vii%7/V				F	I		vii%7/V	vii	%	7		V			%7	0	0	5, 2, -1, 3		5	5	2	5	0.2857142857142857	0.09375	0.40625	0.1875
8	8	1/4	1/4	2/2	2	1	iii/V				F	I		iii/V	iii				V			m	0	0	4, 1, 5		4	4	1	5	0.16666666666666666	0.0625	0.4375	0.125
8	8	1/2	1/2	2/2	2	1	vi7/V				F	I		vi7/V	vi		7		V			mm7	0	0	3, 0, 4, 1		3	3	1	5	0.16666666666666666	0.0625	0.4375	0.125
8	8	3/4	3/4	2/2	2	1	ii/V				F	I		ii/V	ii				V			m	0	0	2, -1, 3		2	2	1	5	0.16666666666666666	0.0625	0.4375	0.125
9	9	0	0	2/2	2	1	V7/V				F	I		V7/V	V		7		V			Mm7	0	0	1, 5, 2, -1		1	1	1	2	0.3333333333333333	0.0625	0.1875	0.25
9	9	1/8	1/8	2/2	2	1	V				F	I		V	V							M	0	0	0, 4, 1		0	0	2	7	0.2222222222222222	0.125	0.625	0.16666666666666666
9	9	1/2	1/2	2/2	2	1	ii65(4)				F	I		ii65(4)	ii		65	4				mm7	0	0	0, 2, -1, 1		1	0	1	5	0.16666666666666666	0.0625	0.4375	0.125
9	9	3/4	3/4	2/2	2	1	ii65				F	I		ii65	ii		65					mm7	0	0	-2, 2, -1, 1		1	-2	0	6	0.0	0.0	0.5	0.0
10	10	0	0	2/2	2	1	V2				F	I		V2	V		2					Mm7	0	0	-2, 0, 4, 1		0	-2	1	6	0.14285714285714285	0.0625	0.4375	0.125
10	10	1/4	1/4	2/2	2	1	I6				F	I		I6	I		6					M	0	0	3, 0, -1		-1	3	2	2	0.5	0.125	0.125	0.5
10	10	3/8	3/8	2/2	2	1	I				F	I		I	I							M	0	0	-1, 3, 0		-1	-1	1	3	0.25	0.0625	0.1875	0.25
10	10	1/2	1/2	2/2	2	1	IV6				F	I		IV6	IV		6					M	0	0	2, -1, -2		-2	2	2	2	0.5	0.125	0.125	0.5
10	10	5/8	5/8	2/2	2	1	IV				F	I		IV	IV							M	0	0	-2, 2, -1		-2	-2	1	3	0.25	0.0625	0.1875	0.25
10	10	3/4	3/4	2/2	2	1	V7				F	I		V7	V		7					Mm7	0	0	0, 4, 1, -2		0	0	0	6	0.0	0.0	0.5	0.0
11	11	0	0	2/2	2	1	I\\				F	I		I	I						\\	M	0	0	-1, 3, 0		-1	-1	4	6	0.4	0.25	0.625	0.2857142857142857
11	11	1/2	1/2	2/2	2	1	V/V				F	I		V/V	V				V			M	0	0	1, 5, 2		1	1	8	8	0.5	0.5	0.5	0.5
12	12	0	0	2/2	2	1	V				F	I		V	V							M	0	0	0, 4, 1		0	0	0	2	0.0	0.0	0.3125	0.0
12	12	1/8	1/8	2/2	2	1	IV/V				F	I		IV/V	IV				V			M	0	0	-1, 3, 0		-1	-1	0	2	0.0	0.0	0.1875	0.0
12	12	1/4	1/4	2/2	2	1	V/V				F	I		V/V	V				V			M	0	0	1, 5, 2		1	1	1	3	0.25	0.0625	0.4375	0.125
12	12	1/2	1/2	2/2	2	1	V				F	I		V	V							M	0	0	0, 4, 1		0	0	3	8	0.2727272727272727	0.1875	0.8125	0.1875
13	13	0	0	2/2	2	1	ii65(4)				F	I		ii65(4)	ii		65	4				mm7	0	0	0, 2, -1, 1		1	0	1	5	0.16666666666666666	0.0625	0.4375	0.125
13	13	1/4	1/4	2/2	2	1	ii65				F	I		ii65	ii		65					mm7	0	0	-2, 2, -1, 1		1	-2	0	6	0.0	0.0	0.5	0.0
13	13	1/2	1/2	2/2	2	1	V7				F	I		V7	V		7					Mm7	0	0	0, 4, 1, -2		0	0	1	5	0.16666666666666666	0.0625	0.4375	0.125
13	13	3/4	3/4	2/2	2	1	I				F	I		I	I							M	0	0	-1, 3, 0		-1	-1	1	5	0.16666666666666666	0.0625	0.4375	0.125
14	14	0	0	2/2	2	1	ii65				F	I		ii65	ii		65					mm7	0	0	-2, 2, -1, 1		1	-2	2	4	0.3333333333333333	0.125	0.375	0.25
14	14	1/4	1/4	2/2	2	1	ii43/IV				F	I		ii43/IV	ii		43		IV			mm7	0	0	1, -2, 0, -3		0	1	0	6	0.0	0.0	0.5	0.0
14	14	1/2	1/2	2/2	2	1	V65/IV				F	I		V65/IV	V		65		IV			Mm7	0	0	3, 0, -3, -1		-1	3	0	3	0.0	0.0	0.25	0.0
14	14	5/8	5/8	2/2	2	1	V7/IV				F	I		V7/IV	V		7		IV			Mm7	0	0	-1, 3, 0, -3		-1	-1	1	2	0.3333333333333333	0.0625	0.1875	0.25
14	14	3/4	3/4	2/2	2	1	IV				F	I		IV	IV							M	0	0	-2, 2, -1		-2	-2	1	5	0.16666666666666666	0.0625	0.4375	0.125
15	15	0	0	2/2	2	1	V65(4)/IV				F	I		V65(4)/IV	V		65	4	IV			Mm7	0	0	-2, 0, -3, -1		-1	-2	1	5	0.16666666666666666	0.0625	0.4375	0.125
15	15	1/4	1/4	2/2	2	1	V65/IV				F	I		V65/IV	V		65		IV			Mm7	0	0	3, 0, -3, -1		-1	3	1	5	0.16666666666666666	0.0625	0.4375	0.125
15	15	1/2	1/2	2/2	2	1	IV6				F	I		IV6	IV		6					M	0	0	2, -1, -2		-2	2	1	5	0.16666666666666666	0.0625	0.4375	0.125
15	15	3/4	3/4	2/2	2	1	ii				F	I		ii	ii							m	0	0	1, -2, 2		1	1	1	9	0.1	0.0625	0.9375	0.0625
16	16	0	0	2/2	2	1	V7				F	I		V7	V		7					Mm7	0	0	0, 4, 1, -2		0	0	1	9	0.1	0.0625	0.9375	0.0625
16	16	1/4	1/4	2/2	2	1	IM7				F	I		IM7	I	M	7					MM7	0	0	-1, 3, 0, 4		-1	-1	1	9	0.1	0.0625	0.9375	0.0625
16	16	1/2	1/2	2/2	2	1	IVM7				F	I		IVM7	IV	M	7					MM7	0	0	-2, 2, -1, 3		-2	-2	0	5	0.0	0.0	0.5	0.0
16	16	5/8	5/8	2/2	2	1	ii				F	I		ii	ii							m	0	0	1, -2, 2		1	1	1	2	0.3333333333333333	0.0625	0.1875	0.25
16	16	3/4	3/4	2/2	2	1	vii%7				F	I		vii%7	vii	%	7					%7	0	0	4, 1, -2, 2		4	4	0	4	0.0	0.0	0.5	0.0
16	16	7/8	7/8	2/2	2	1	ii6				F	I		ii6	ii		6					m	0	0	-2, 2, 1		1	-2	1	3	0.25	0.0625	0.1875	0.25
17	17	0	0	2/2	2	1	iii7				F	I		iii7	iii		7					mm7	0	0	3, 0, 4, 1		3	3	1	7	0.125	0.0625	0.6875	0.08333333333333333
17	17	1/4	1/4	2/2	2	1	vi7				F	I		vi7	vi		7					mm7	0	0	2, -1, 3, 0		2	2	1	7	0.125	0.0625	0.6875	0.08333333333333333
17	17	1/2	1/2	2/2	2	1	ii7				F	I		ii7	ii		7					mm7	0	0	1, -2, 2, -1		1	1	1	7	0.125	0.0625	0.6875	0.08333333333333333
17	17	3/4	3/4	2/2	2	1	V7				F	I		V7	V		7					Mm7	0	0	0, 4, 1, -2		0	0	2	6	0.25	0.125	0.625	0.16666666666666666
18	18	0	0	2/2	2	1	vi				F	I		vi	vi							m	0	0	2, -1, 3		2	2	2	8	0.2	0.125	0.875	0.125
18	18	1/2	1/2	2/2	2	1	ii				F	I		ii	ii							m	0	0	1, -2, 2		1	1	4	4	0.5	0.25	0.25	0.5
18	18	3/4	3/4	2/2	2	1	V7				F	I		V7	V		7					Mm7	0	0	0, 4, 1, -2		0	0	1	7	0.125	0.0625	0.4375	0.125
19	19	0	0	2/2	2	1	I				F	I		I	I							M	0	0	-1, 3, 0		-1	-1	2	4	0.3333333333333333	0.125	0.375	0.25
19	19	1/4	1/4	2/2	2	1	vi				F	I		vi	vi							m	0	0	2, -1, 3		2	2	1	2	0.3333333333333333	0.0625	0.25	0.2
19	19	3/8	3/8	2/2	2	1	I6				F	I		I6	I		6					M	0	0	3, 0, -1		-1	3	1	4	0.2	0.0625	0.25	0.2
19	19	1/2	1/2	2/2	2	1	ii65				F	I		ii65	ii		65					mm7	0	0	-2, 2, -1, 1		1	-2	1	4	0.2	0.0625	0.5625	0.1
19	19	5/8	5/8	2/2	2	1	ii7				F	I		ii7	ii		7					mm7	0	0	1, -2, 2, -1		1	1	1	2	0.3333333333333333	0.0625	0.1875	0.25
19	19	3/4	3/4	2/2	2	1	V				F	I		V	V							M	0	0	0, 4, 1		0	0	0	4	0.0	0.0	0.4375	0.0
19	19	7/8	7/8	2/2	2	1	V7				F	I		V7	V		7					Mm7	0	0	0, 4, 1, -2		0	0	0	4	0.0	0.0	0.3125	0.0
20	20	0	0	2/2	2	1	I\\				F	I		I	I						\\	M	0	0	-1, 3, 0		-1	-1	1	6	0.14285714285714285	0.0625	0.875	0.06666666666666667
20	20	3/8	3/8	2/2	2	1	viio6(+2)				F	I		viio6(+2)	vii	o	6	+2				o	0	0	1, -2, 4	-1	4	1	0	3	0.0	0.0	0.25	0.0
20	20	1/2	1/2	2/2	2	1	I6				F	I		I6	I		6					M	0	0	3, 0, -1		-1	3	0	3	0.0	0.0	0.25	0.0
20	20	5/8	5/8	2/2	2	1	IV				F	I		IV	IV							M	0	0	-2, 2, -1		-2	-2	0	3	0.0	0.0	0.25	0.0
20	20	3/4	3/4	2/2	2	1	I6				F	I		I6	I		6					M	0	0	3, 0, -1		-1	3	0	3	0.0	0.0	0.25	0.0
20	20	7/8	7/8	2/2	2	1	viio6(2)				F	I		viio6(2)	vii	o	6	2				o	0	0	1, -2, -1		4	1	0	3	0.0	0.0	0.25	0.0
21	21	0	0	2/2	2	1	I[I				F	I	I	I	I							M	0	0	-1, 3, 0		-1	-1	0	3	0.0	0.0	0.625	0.0
21	21	1/8	1/8	2/2	2	1	IV6				F	I	I	IV6	IV		6					M	0	0	2, -1, -2		-2	2	0	3	0.0	0.0	0.25	0.0
21	21	1/4	1/4	2/2	2	1	I64				F	I	I	I64	I		64					M	0	0	0, -1, 3		-1	0	0	3	0.0	0.0	0.25	0.0
21	21	3/8	3/8	2/2	2	1	viio64(2)				F	I	I	viio64(2)	vii	o	64	2				o	0	0	-2, -1, 1		4	-2	0	3	0.0	0.0	0.25	0.0
21	21	1/2	1/2	2/2	2	1	I				F	I	I	I	I							M	0	0	-1, 3, 0		-1	-1	0	4	0.0	0.0	0.375	0.0
21	21	5/8	5/8	2/2	2	1	viio64(2)]				F	I	I	viio64(2)	vii	o	64	2				o	0	0	-2, -1, 1		4	-2	0	4	0.0	0.0	0.375	0.0
21	21	3/4	3/4	2/2	2	1	V.IVM2				F	V		IVM2	IV	M	2					MM7	0	0	4, -1, 3, 0		-1	4	0	4	0.0	0.0	0.375	0.0
21	21	7/8	7/8	2/2	2	1	viio6				F	V		viio6	vii	o	6					o	0	0	2, -1, 5		5	2	0	4	0.0	0.0	0.375	0.0
22	22	0	0	2/2	2	1	I				F	V		I	I							M	0	0	0, 4, 1		0	0	3	7	0.3	0.1875	0.8125	0.1875
22	22	3/8	3/8	2/2	2	1	viio(+2)				F	V		viio(+2)	vii	o		+2				o	0	0	5, 2, -1	0	5	5	0	5	0.0	0.0	0.25	0.0
22	22	1/2	1/2	2/2	2	1	I64				F	V		I64	I		64					M	0	0	1, 0, 4		0	1	0	3	0.0	0.0	0.25	0.0
22	22	5/8	5/8	2/2	2	1	IV6				F	V		IV6	IV		6					M	0	0	3, 0, -1		-1	3	0	3	0.0	0.0	0.25	0.0
22	22	3/4	3/4	2/2	2	1	I64				F	V		I64	I		64					M	0	0	1, 0, 4		0	1	0	3	0.0	0.0	0.25	0.0
22	22	7/8	7/8	2/2	2	1	viio64(2)				F	V		viio64(2)	vii	o	64	2				o	0	0	-1, 0, 2		5	-1	0	3	0.0	0.0	0.25	0.0
23	23	0	0	2/2	2	1	I6				F	V		I6	I		6					M	0	0	4, 1, 0		0	4	0	3	0.0	0.0	0.625	0.0
23	23	1/8	1/8	2/2	2	1	IV				F	V		IV	IV							M	0	0	-1, 3, 0		-1	-1	0	3	0.0	0.0	0.25	0.0
23	23	1/4	1/4	2/2	2	1	I6				F	V		I6	I		6					M	0	0	4, 1, 0		0	4	0	3	0.0	0.0	0.25	0.0
23	23	3/8	3/8	2/2	2	1	viio6(2)				F	V		viio6(2)	vii	o	6	2				o	0	0	2, -1, 0		5	2	0	3	0.0	0.0	0.25	0.0
23	23	1/2	1/2	2/2	2	1	I				F	V		I	I							M	0	0	0, 4, 1		0	0	0	4	0.0	0.0	0.375	0.0
23	23	5/8	5/8	2/2	2	1	viio6(2)				F	V		viio6(2)	vii	o	6	2				o	0	0	2, -1, 0		5	2	0	4	0.0	0.0	0.375	0.0
23	23	3/4	3/4	2/2	2	1	IM65				F	V		IM65	I	M	65					MM7	0	0	4, 1, 5, 0		0	4	0	4	0.0	0.0	0.375	0.0
23	23	7/8	7/8	2/2	2	1	IV				F	V		IV	IV							M	0	0	-1, 3, 0		-1	-1	0	4	0.0	0.0	0.375	0.0
24	24	0	0	2/2	2	1	V				F	V		V	V							M	0	0	1, 5, 2		1	1	0	13	0.0	0.0	1.0625	0.0
24	24	1/2	1/2	2/2	2	1	ii				F	V		ii	ii							m	0	0	2, -1, 3		2	2	0	12	0.0	0.0	1.0625	0.0
25	25	0	0	2/2	2	1	V7				F	V		V7	V		7					Mm7	0	0	1, 5, 2, -1		1	1	0	15	0.0	0.0	1.4375	0.0
25	25	1/2	1/2	2/2	2	1	I(9)				F	V		I(9)	I			9				M	0	0	0, 4, 1	2	0	0	0	9	0.0	0.0	0.9375	0.0
25	25	3/4	3/4	2/2	2	1	I				F	V		I	I							M	0	0	0, 4, 1		0	0	0	10	0.0	0.0	1.0	0.0
26	26	0	0	2/2	2	1	IVM7				F	V		IVM7	IV	M	7					MM7	0	0	-1, 3, 0, 4		-1	-1	0	20	0.0	0.0	2.0	0.0
26	26	1/2	1/2	2/2	2	1	V7				F	V		V7	V		7					Mm7	0	0	1, 5, 2, -1		1	1	0	20	0.0	0.0	2.0	0.0
27	27	0	0	2/2	2	1	I6(11)				F	V		I6(11)	I		6	11				M	0	0	4, 1, 0	-1	0	4	1	3	0.25	0.125	0.375	0.25
27	27	1/8	1/8	2/2	2	1	I6				F	V		I6	I		6					M	0	0	4, 1, 0		0	4	1	4	0.2	0.0625	0.4375	0.125
27	27	1/4	1/4	2/2	2	1	V(4)				F	V		V(4)	V			4				M	0	0	1, 0, 2		1	1	0	4	0.0	0.0	0.5	0.0
27	27	3/8	3/8	2/2	2	1	V				F	V		V	V							M	0	0	1, 5, 2		1	1	0	4	0.0	0.0	0.5	0.0
27	27	1/2	1/2	2/2	2	1	I\\				F	V		I	I						\\	M	0	0	0, 4, 1		0	0	3	10	0.23076923076923078	0.1875	0.9375	0.16666666666666666
28	28	0	0	2/2	2	1	V65(4)				F	V		V65(4)	V		65	4				Mm7	0	0	0, 2, -1, 1		1	0	1	5	0.16666666666666666	0.0625	0.4375	0.125
28	28	1/4	1/4	2/2	2	1	V65				F	V		V65	V		65					Mm7	0	0	5, 2, -1, 1		1	5	1	5	0.16666666666666666	0.0625	0.4375	0.125
28	28	1/2	1/2	2/2	2	1	I				F	V		I	I							M	0	0	0, 4, 1		0	0	0	3	0.0	0.0	0.25	0.0
28	28	5/8	5/8	2/2	2	1	vi				F	V		vi	vi							m	0	0	3, 0, 4		3	3	1	2	0.3333333333333333	0.0625	0.1875	0.25
28	28	3/4	3/4	2/2	2	1	I				F	V		I	I							M	0	0	0, 4, 1		0	0	1	6	0.14285714285714285	0.0625	0.5625	0.1
29	29	0	0	2/2	2	1	V2(4)				F	V		V2(4)	V		2	4				Mm7	0	0	-1, 1, 0, 2		1	-1	0	4	0.0	0.0	0.5	0.0
29	29	1/8	1/8	2/2	2	1	V2				F	V		V2	V		2					Mm7	0	0	-1, 1, 5, 2		1	-1	2	2	0.5	0.125	0.125	0.5
29	29	1/4	1/4	2/2	2	1	V43				F	V		V43	V		43					Mm7	0	0	2, -1, 1, 5		1	2	0	7	0.0	0.0	0.625	0.0
29	29	1/2	1/2	2/2	2	1	I6(2)				F	V		I6(2)	I		6	2				M	0	0	4, 1, 2		0	4	3	5	0.375	0.1875	0.5625	0.25
29	29	3/4	3/4	2/2	2	1	I				F	V		I	I							M	0	0	0, 4, 1		0	0	1	6	0.14285714285714285	0.0625	0.5625	0.1
30	30	0	0	2/2	2	1	ii6(2)				F	V		ii6(2)	ii		6	2				m	0	0	-1, 3, 4		2	-1	2	6	0.25	0.125	0.625	0.16666666666666666
30	30	1/4	1/4	2/2	2	1	ii				F	V		ii	ii							m	0	0	2, -1, 3		2	2	1	6	0.14285714285714285	0.0625	0.5625	0.1
30	30	1/2	1/2	2/2	2	1	V7				F	V		V7	V		7					Mm7	0	0	1, 5, 2, -1		1	1	2	6	0.25	0.125	0.625	0.16666666666666666
30	30	3/4	3/4	2/2	2	1	iii				F	V		iii	iii							m	0	0	4, 1, 5		4	4	1	6	0.14285714285714285	0.0625	0.5625	0.1
31	31	0	0	2/2	2	1	ii7/V				F	V		ii7/V	ii		7		V			mm7	0	0	3, 0, 4, 1		3	3	1	3	0.25	0.0625	0.6875	0.08333333333333333
31	31	1/8	1/8	2/2	2	1	ii2/V				F	V		ii2/V	ii		2		V			mm7	0	0	1, 3, 0, 4		3	1	0	3	0.0	0.0	0.25	0.0
31	31	1/4	1/4	2/2	2	1	viio6/V				F	V		viio6/V	vii	o	6		V			o	0	0	3, 0, 6		6	3	1	2	0.3333333333333333	0.0625	0.1875	0.25
31	31	3/8	3/8	2/2	2	1	V7/V				F	V		V7/V	V		7		V			Mm7	0	0	2, 6, 3, 0		2	2	1	2	0.3333333333333333	0.0625	0.1875	0.25
31	31	1/2	1/2	2/2	2	1	V(4)				F	V		V(4)	V			4				M	0	0	1, 0, 2		1	1	0	4	0.0	0.0	0.5	0.0
31	31	5/8	5/8	2/2	2	1	V				F	V		V	V							M	0	0	1, 5, 2		1	1	1	2	0.3333333333333333	0.0625	0.1875	0.25
31	31	3/4	3/4	2/2	2	1	V2				F	V		V2	V		2					Mm7	0	0	-1, 1, 5, 2		1	-1	0	4	0.0	0.0	0.5	0.0
31	31	7/8	7/8	2/2	2	1	V64				F	V		V64	V		64					M	0	0	2, 1, 5		1	2	1	3	0.25	0.0625	0.1875	0.25
32	32	0	0	2/2	2	1	V7/ii				F	V		V7/ii	V		7		ii			Mm7	0	0	3, 7, 4, 1		3	3	1	6	0.14285714285714285	0.0625	0.6875	0.08333333333333333
32	32	1/4	1/4	2/2	2	1	ii				F	V		ii	ii							m	0	0	2, -1, 3		2	2	1	7	0.125	0.0625	0.6875	0.08333333333333333
32	32	1/2	1/2	2/2	2	1	V7				F	V		V7	V		7					Mm7	0	0	1, 5, 2, -1		1	1	2	6	0.25	0.09375	0.65625	0.125
32	32	3/4	3/4	2/2	2	1	vi43				F	V		vi43	vi		43					mm7	0	0	4, 1, 3, 0		3	4	0	8	0.0	0.0	0.75	0.0
33	33	0	0	2/2	2	1	IVM7				F	V		IVM7	IV	M	7					MM7	0	0	-1, 3, 0, 4		-1	-1	2	6	0.25	0.125	0.75	0.14285714285714285
33	33	3/8	3/8	2/2	2	1	V2				F	V		V2	V		2					Mm7	0	0	-1, 1, 5, 2		1	-1	2	7	0.2222222222222222	0.125	0.625	0.16666666666666666
33	33	3/4	3/4	2/2	2	1	I6				F	V		I6	I		6					M	0	0	4, 1, 0		0	4	1	2	0.3333333333333333	0.0625	0.25	0.2
33	33	7/8	7/8	2/2	2	1	I				F	V		I	I							M	0	0	0, 4, 1		0	0	1	3	0.25	0.0625	0.1875	0.25
34	34	0	0	2/2	2	1	vi				F	V		vi	vi							m	0	0	3, 0, 4		3	3	1	4	0.2	0.0625	0.5	0.1111111111111111
34	34	3/16	3/16	2/2	2	1	ii6				F	V		ii6	ii		6					m	0	0	-1, 3, 2		2	-1	0	3	0.0	0.0	0.1875	0.0
34	34	1/4	1/4	2/2	2	1	V				F	V		V	V							M	0	0	1, 5, 2		1	1	2	4	0.3333333333333333	0.125	0.75	0.14285714285714285
34	34	1/2	1/2	2/2	2	1	I\\				F	V		I	I						\\	M	0	0	0, 4, 1		0	0	1	6	0.14285714285714285	0.0625	0.875	0.06666666666666667
34	34	7/8	7/8	2/2	2	1	viio6(+2)				F	V		viio6(+2)	vii	o	6	+2				o	0	0	2, -1, 5	0	5	2	0	3	0.0	0.0	0.25	0.0
35	35	0	0	2/2	2	1	I6				F	V		I6	I		6					M	0	0	4, 1, 0		0	4	0	3	0.0	0.0	0.25	0.0
35	35	1/8	1/8	2/2	2	1	IV				F	V		IV	IV							M	0	0	-1, 3, 0		-1	-1	0	3	0.0	0.0	0.25	0.0
35	35	1/4	1/4	2/2	2	1	I6				F	V		I6	I		6					M	0	0	4, 1, 0		0	4	0	3	0.0	0.0	0.25	0.0
35	35	3/8	3/8	2/2	2	1	viio6(2)				F	V		viio6(2)	vii	o	6	2				o	0	0	2, -1, 0		5	2	0	3	0.0	0.0	0.25	0.0
35	35	1/2	1/2	2/2	2	1	I[I				F	V	I	I	I							M	0	0	0, 4, 1		0	0	0	3	0.0	0.0	0.625	0.0
35	35	5/8	5/8	2/2	2	1	IV6				F	V	I	IV6	IV		6					M	0	0	3, 0, -1		-1	3	0	3	0.0	0.0	0.25	0.0
35	35	3/4	3/4	2/2	2	1	I64				F	V	I	I64	I		64					M	0	0	1, 0, 4		0	1	0	3	0.0	0.0	0.25	0.0
35	35	7/8	7/8	2/2	2	1	viio64(2)	0	-9	/	F	V	I	viio64(2)	vii	o	64	2				o	0	0	-1, 0, 2		5	-1	0	3	0.0	0.0	0.25	0.0
36	36	0	0	2/2	2	1	I6				F	V	I	I6	I		6					M	0	0	4, 1, 0		0	4	0	4	0.0	0.0	0.375	0.0
36	36	1/8	1/8	2/2	2	1	vi.V2/iv]				F	vi	VII	V2/iv	V		2		iv			Mm7	0	1	0, 2, 6, 3		2	0	0	4	0.0	0.0	0.375	0.0
36	36	1/4	1/4	2/2	2	1	IV2/iv				F	vi		IV2/iv	IV		2		iv			Mm7	0	1	-2, 0, 4, 1		0	-2	0	4	0.0	0.0	0.375	0.0
36	36	3/8	3/8	2/2	2	1	#viio6/iv				F	vi		#viio6/iv	#vii	o	6		iv			o	0	1	3, 0, 6		6	3	0	4	0.0	0.0	0.375	0.0
36	36	1/2	1/2	2/2	2	1	iv				F	vi		iv	iv							m	0	1	1, -2, 2		1	1	3	7	0.3	0.1875	0.8125	0.1875
36	36	7/8	7/8	2/2	2	1	#viio(+2)/iv				F	vi		#viio(+2)/iv	#vii	o		+2	iv			o	0	1	6, 3, 0	1	6	6	0	5	0.0	0.0	0.25	0.0
37	37	0	0	2/2	2	1	iv64				F	vi		iv64	iv		64					m	0	1	2, 1, -2		1	2	0	3	0.0	0.0	0.25	0.0
37	37	1/8	1/8	2/2	2	1	iv6/iv				F	vi		iv6/iv	iv		6		iv			m	0	1	-3, 1, 0		0	-3	0	3	0.0	0.0	0.25	0.0
37	37	1/4	1/4	2/2	2	1	iv64				F	vi		iv64	iv		64					m	0	1	2, 1, -2		1	2	0	3	0.0	0.0	0.25	0.0
37	37	3/8	3/8	2/2	2	1	#viio64(2)/iv				F	vi		#viio64(2)/iv	#vii	o	64	2	iv			o	0	1	0, 1, 3		6	0	0	3	0.0	0.0	0.25	0.0
37	37	1/2	1/2	2/2	2	1	iv6				F	vi		iv6	iv		6					m	0	1	-2, 2, 1		1	-2	0	3	0.0	0.0	0.625	0.0
37	37	5/8	5/8	2/2	2	1	iv/iv				F	vi		iv/iv	iv				iv			m	0	1	0, -3, 1		0	0	0	3	0.0	0.0	0.25	0.0
37	37	3/4	3/4	2/2	2	1	iv6				F	vi		iv6	iv		6					m	0	1	-2, 2, 1		1	-2	0	3	0.0	0.0	0.25	0.0
37	37	7/8	7/8	2/2	2	1	#viio6(2)/iv	0	-9	/	F	vi		#viio6(2)/iv	#vii	o	6	2	iv			o	0	1	3, 0, 1		6	3	0	3	0.0	0.0	0.25	0.0
38	38	0	0	2/2	2	1	iv				F	vi		iv	iv							m	0	1	1, -2, 2		1	1	0	4	0.0	0.0	0.375	0.0
38	38	1/8	1/8	2/2	2	1	#viio6(2)/iv				F	vi		#viio6(2)/iv	#vii	o	6	2	iv			o	0	1	3, 0, 1		6	3	0	4	0.0	0.0	0.375	0.0
38	38	1/4	1/4	2/2	2	1	IV65				F	vi		IV65	IV		65					Mm7	0	1	5, 2, -1, 1		1	5	0	4	0.0	0.0	0.375	0.0
38	38	3/8	3/8	2/2	2	1	#viio				F	vi		#viio	#vii	o						o	0	1	7, 4, 1		7	7	0	4	0.0	0.0	0.375	0.0
38	38	1/2	1/2	2/2	2	1	i6				F	vi		i6	i		6					m	0	1	-1, 3, 2		2	-1	3	6	0.3333333333333333	0.1875	0.5625	0.25
38	38	3/4	3/4	2/2	2	1	i				F	vi		i	i							m	0	1	2, -1, 3		2	2	1	7	0.125	0.0625	0.6875	0.08333333333333333
39	39	0	0	2/2	2	1	V2(4)				F	vi		V2(4)	V		2	4				Mm7	0	1	1, 3, 2, 4		3	1	1	6	0.14285714285714285	0.0625	0.6875	0.08333333333333333
39	39	1/4	1/4	2/2	2	1	V43				F	vi		V43	V		43					Mm7	0	1	4, 1, 3, 7		3	4	1	5	0.16666666666666666	0.0625	0.4375	0.125
39	39	1/2	1/2	2/2	2	1	i6				F	vi		i6	i		6					m	0	1	-1, 3, 2		2	-1	2	4	0.3333333333333333	0.125	0.5	0.2
39	39	3/4	3/4	2/2	2	1	i				F	vi		i	i							m	0	1	2, -1, 3		2	2	1	2	0.3333333333333333	0.0625	0.1875	0.25
39	39	7/8	7/8	2/2	2	1	VI				F	vi		VI	VI							M	0	1	-2, 2, -1		-2	-2	0	4	0.0	0.0	0.375	0.0
40	40	0	0	2/2	2	1	#viio6(2)				F	vi		#viio6(2)	#vii	o	6	2				o	0	1	4, 1, 2		7	4	1	3	0.25	0.0625	0.4375	0.125
40	40	1/8	1/8	2/2	2	1	#viio6				F	vi		#viio6	#vii	o	6					o	0	1	4, 1, 7		7	4	3	4	0.42857142857142855	0.1875	0.3125	0.375
40	40	3/8	3/8	2/2	2	1	V7				F	vi		V7	V		7					Mm7	0	1	3, 7, 4, 1		3	3	0	5	0.0	0.0	0.5	0.0
40	40	1/2	1/2	2/2	2	1	i(9)				F	vi		i(9)	i			9				m	0	1	2, -1, 3	4	2	2	1	4	0.2	0.0625	0.6875	0.08333333333333333
40	40	5/8	5/8	2/2	2	1	i				F	vi		i	i							m	0	1	2, -1, 3		2	2	3	9	0.25	0.1875	0.8125	0.1875
41	41	0	0	2/2	2	1	iv7				F	vi		iv7	iv		7					mm7	0	1	1, -2, 2, -1		1	1	4	8	0.3333333333333333	0.25	1.0	0.2
41	41	3/8	3/8	2/2	2	1	V7/III				F	vi		V7/III	V		7		III			Mm7	0	1	0, 4, 1, -2		0	0	0	5	0.0	0.0	0.5	0.0
41	41	1/2	1/2	2/2	2	1	III(9)				F	vi		III(9)	III			9				M	0	1	-1, 3, 0	1	-1	-1	1	4	0.2	0.0625	0.6875	0.08333333333333333
41	41	5/8	5/8	2/2	2	1	III				F	vi		III	III							M	0	1	-1, 3, 0		-1	-1	2	2	0.5	0.125	0.125	0.5
41	41	3/4	3/4	2/2	2	1	III6				F	vi		III6	III		6					M	0	1	3, 0, -1		-1	3	1	2	0.3333333333333333	0.0625	0.1875	0.25
41	41	7/8	7/8	2/2	2	1	i6				F	vi		i6	i		6					m	0	1	-1, 3, 2		2	-1	1	3	0.25	0.0625	0.3125	0.16666666666666666
42	42	0	0	2/2	2	1	#viio6(2)/v				F	vi		#viio6(2)/v	#vii	o	6	2	v			o	0	1	5, 2, 3		8	5	1	3	0.25	0.0625	0.6875	0.08333333333333333
42	42	1/8	1/8	2/2	2	1	#viio64(2)/v				F	vi		#viio64(2)/v	#vii	o	64	2	v			o	0	1	2, 3, 5		8	2	1	3	0.25	0.0625	0.1875	0.25
42	42	1/4	1/4	2/2	2	1	V7/v				F	vi		V7/v	V		7		v			Mm7	0	1	4, 8, 5, 2		4	4	2	4	0.3333333333333333	0.125	0.375	0.25
42	42	1/2	1/2	2/2	2	1	v(4)				F	vi		v(4)	v			4				m	0	1	3, 2, 4		3	3	0	4	0.0	0.0	0.875	0.0
42	42	5/8	5/8	2/2	2	1	v				F	vi		v	v							m	0	1	3, 0, 4		3	3	3	3	0.5	0.1875	0.1875	0.5
42	42	7/8	7/8	2/2	2	1	III				F	vi		III	III							M	0	1	-1, 3, 0		-1	-1	1	3	0.25	0.0625	0.1875	0.25
43	43	0	0	2/2	2	1	VIM7				F	vi		VIM7	VI	M	7					MM7	0	1	-2, 2, -1, 3		-2	-2	1	6	0.14285714285714285	0.0625	0.6875	0.08333333333333333
43	43	1/4	1/4	2/2	2	1	bII				F	vi		bII	bII							M	0	1	-3, 1, -2		-3	-3	1	6	0.14285714285714285	0.0625	0.6875	0.08333333333333333
43	43	1/2	1/2	2/2	2	1	V65				F	vi		V65	V		65					Mm7	0	1	7, 4, 1, 3		3	7	2	5	0.2857142857142857	0.125	0.625	0.16666666666666666
43	43	3/4	3/4	2/2	2	1	i43				F	vi		i43	i		43					mm7	0	1	3, 0, 2, -1		2	3	0	8	0.0	0.0	0.75	0.0
44	44	0	0	2/2	2	1	iv7				F	vi		iv7	iv		7					mm7	0	1	1, -2, 2, -1		1	1	7	10	0.4117647058823529	0.4375	0.6875	0.3888888888888889
44	44	1/2	1/2	2/2	2	1	#viio2				F	vi		#viio2	#vii	o	2					o7	0	1	-2, 7, 4, 1		7	-2	0	3	0.0	0.0	0.4375	0.0
44	44	5/8	5/8	2/2	2	1	V2				F	vi		V2	V		2					Mm7	0	1	1, 3, 7, 4		3	1	0	3	0.0	0.0	0.25	0.0
44	44	3/4	3/4	2/2	2	1	i6				F	vi		i6	i		6					m	0	1	-1, 3, 2		2	-1	1	4	0.2	0.0625	0.5625	0.1
44	44	7/8	7/8	2/2	2	1	i				F	vi		i	i							m	0	1	2, -1, 3		2	2	0	1	0.0	0.0	0.0625	0.0
44	44	15/16	15/16	2/2	2	1	V6				F	vi		V6	V		6					M	0	1	7, 4, 3		3	7	0	3	0.0	0.0	0.1875	0.0
45	45	0	0	2/2	2	1	i				F	vi		i	i							m	0	1	2, -1, 3		2	2	0	4	0.0	0.0	0.6875	0.0
45	45	1/8	1/8	2/2	2	1	IV7				F	vi		IV7	IV		7					Mm7	0	1	1, 5, 2, -1		1	1	0	3	0.0	0.0	0.3125	0.0
45	45	1/4	1/4	2/2	2	1	V				F	vi		V	V							M	0	1	3, 7, 4		3	3	1	4	0.2	0.0625	0.6875	0.08333333333333333
45	45	1/2	1/2	2/2	2	1	i\\				F	vi		i	i						\\	m	0	1	2, -1, 3		2	2	2	9	0.18181818181818182	0.125	0.8125	0.13333333333333333
46	46	0	0	2/2	2	1	iii.V6/III				F	iii		V6/III	V		6		III			M	0	1	5, 2, 1		1	5	1	2	0.3333333333333333	0.0625	0.1875	0.25
46	46	1/8	1/8	2/2	2	1	V/III				F	iii		V/III	V				III			M	0	1	1, 5, 2		1	1	1	7	0.125	0.0625	0.5625	0.1
46	46	1/2	1/2	2/2	2	1	III6				F	iii		III6	III		6					M	0	1	4, 1, 0		0	4	1	2	0.3333333333333333	0.0625	0.1875	0.25
46	46	5/8	5/8	2/2	2	1	III				F	iii		III	III							M	0	1	0, 4, 1		0	0	1	7	0.125	0.0625	0.5625	0.1
47	47	0	0	2/2	2	1	VI6				F	iii		VI6	VI		6					M	0	1	3, 0, -1		-1	3	1	2	0.3333333333333333	0.0625	0.1875	0.25
47	47	1/8	1/8	2/2	2	1	VI				F	iii		VI	VI							M	0	1	-1, 3, 0		-1	-1	1	7	0.125	0.0625	0.5625	0.1
47	47	1/2	1/2	2/2	2	1	iio6				F	iii		iio6	ii	o	6					o	0	1	2, -1, 5		5	2	1	2	0.3333333333333333	0.0625	0.1875	0.25
47	47	5/8	5/8	2/2	2	1	iio				F	iii		iio	ii	o						o	0	1	5, 2, -1		5	5	1	7	0.125	0.0625	0.5625	0.1
48	48	0	0	2/2	2	1	V6				F	iii		V6	V		6					M	0	1	8, 5, 4		4	8	2	3	0.4	0.125	0.25	0.3333333333333333
48	48	1/8	1/8	2/2	2	1	V				F	iii		V	V							M	0	1	4, 8, 5		4	4	1	9	0.1	0.0625	0.6875	0.08333333333333333
48	48	1/2	1/2	2/2	2	1	i6				F	iii		i6	i		6					m	0	1	0, 4, 3		3	0	1	2	0.3333333333333333	0.0625	0.1875	0.25
48	48	5/8	5/8	2/2	2	1	i				F	iii		i	i							m	0	1	3, 0, 4		3	3	1	4	0.2	0.0625	0.3125	0.16666666666666666
48	48	7/8	7/8	2/2	2	1	#viio7/iv	0	-9	/	F	iii		#viio7/iv	#vii	o	7		iv			o7	0	1	7, 4, 1, -2		7	7	0	3	0.0	0.0	0.25	0.0
49	49	0	0	2/2	2	1	IV(9)				F	iii		IV(9)	IV			9				M	0	1	2, 6, 3	4	2	2	1	5	0.16666666666666666	0.0625	0.4375	0.125
49	49	1/4	1/4	2/2	2	1	iv6				F	iii		iv6	iv		6					m	0	1	-1, 3, 2		2	-1	1	4	0.2	0.0625	0.3125	0.16666666666666666
49	49	1/2	1/2	2/2	2	1	V65				F	iii		V65	V		65					Mm7	0	1	8, 5, 2, 4		4	8	1	2	0.3333333333333333	0.0625	0.1875	0.25
49	49	5/8	5/8	2/2	2	1	V7				F	iii		V7	V		7					Mm7	0	1	4, 8, 5, 2		4	4	0	5	0.0	0.0	0.375	0.0
49	49	7/8	7/8	2/2	2	1	i				F	iii		i	i							m	0	1	3, 0, 4		3	3	0	3	0.0	0.0	0.25	0.0
50	50	0	0	2/2	2	1	V(9)/V				F	iii		V(9)/V	V			9	V			M	0	1	5, 9, 6	7	5	5	1	2	0.3333333333333333	0.0625	0.1875	0.25
50	50	1/8	1/8	2/2	2	1	viio43/V				F	iii		viio43/V	vii	o	43		V			o7	0	1	3, 0, 9, 6		9	3	0	3	0.0	0.0	0.25	0.0
50	50	1/4	1/4	2/2	2	1	V43				F	iii		V43	V		43					Mm7	0	1	5, 2, 4, 8		4	5	0	3	0.0	0.0	0.25	0.0
50	50	3/8	3/8	2/2	2	1	#viio7				F	iii		#viio7	#vii	o	7					o7	0	1	8, 5, 2, -1		8	8	0	3	0.0	0.0	0.25	0.0
50	50	1/2	1/2	2/2	2	1	I				F	iii		I	I							M	0	1	3, 7, 4		3	3	0	3	0.0	0.0	0.25	0.0
50	50	5/8	5/8	2/2	2	1	VII				F	iii		VII	VII							M	0	1	1, 5, 2		1	1	0	3	0.0	0.0	0.25	0.0
50	50	3/4	3/4	2/2	2	1	iv65				F	iii		iv65	iv		65					mm7	0	1	-1, 3, 0, 2		2	-1	0	3	0.0	0.0	0.25	0.0
50	50	7/8	7/8	2/2	2	1	i6				F	iii		i6	i		6					m	0	1	0, 4, 3		3	0	0	3	0.0	0.0	0.25	0.0
51	51	0	0	2/2	2	1	iio6				F	iii		iio6	ii	o	6					o	0	1	2, -1, 5		5	2	1	2	0.3333333333333333	0.0625	0.1875	0.25
51	51	1/8	1/8	2/2	2	1	#viio6(2)				F	iii		#viio6(2)	#vii	o	6	2				o	0	1	5, 2, 3		8	5	0	3	0.0	0.0	0.25	0.0
51	51	1/4	1/4	2/2	2	1	V(4)				F	iii		V(4)	V			4				M	0	1	4, 3, 5		4	4	1	2	0.3333333333333333	0.0625	0.1875	0.25
51	51	3/8	3/8	2/2	2	1	V7				F	iii		V7	V		7					Mm7	0	1	4, 8, 5, 2		4	4	0	3	0.0	0.0	0.25	0.0
51	51	1/2	1/2	2/2	2	1	i\\				F	iii		i	i						\\	m	0	1	3, 0, 4		3	3	3	7	0.3	0.1875	0.8125	0.1875
52	52	0	0	2/2	2	1	iv				F	iii		iv	iv							m	0	1	2, -1, 3		2	2	2	2	0.5	0.125	0.125	0.5
52	52	1/4	1/4	2/2	2	1	V43				F	iii		V43	V		43					Mm7	0	1	5, 2, 4, 8		4	5	0	4	0.0	0.0	0.25	0.0
52	52	1/2	1/2	2/2	2	1	i6				F	iii		i6	i		6					m	0	1	0, 4, 3		3	0	1	1	0.5	0.0625	0.125	0.3333333333333333
52	52	5/8	5/8	2/2	2	1	i64				F	iii		i64	i		64					m	0	1	4, 3, 0		3	4	1	2	0.3333333333333333	0.0625	0.1875	0.25
52	52	3/4	3/4	2/2	2	1	i				F	iii		i	i							m	0	1	3, 0, 4		3	3	1	5	0.16666666666666666	0.0625	0.4375	0.125
53	53	0	0	2/2	2	1	VIM65				F	iii		VIM65	VI	M	65					MM7	0	1	3, 0, 4, -1		-1	3	0	3	0.0	0.0	0.25	0.0
53	53	1/8	1/8	2/2	2	1	#viio				F	iii		#viio	#vii	o						o	0	1	8, 5, 2		8	8	2	2	0.5	0.125	0.125	0.5
53	53	1/4	1/4	2/2	2	1	#viio6				F	iii		#viio6	#vii	o	6					o	0	1	5, 2, 8		8	5	1	5	0.16666666666666666	0.0625	0.4375	0.125
53	53	1/2	1/2	2/2	2	1	V43				F	iii		V43	V		43					Mm7	0	1	5, 2, 4, 8		4	5	0	3	0.0	0.0	0.25	0.0
53	53	5/8	5/8	2/2	2	1	i				F	iii		i	i							m	0	1	3, 0, 4		3	3	2	2	0.5	0.125	0.125	0.5
53	53	3/4	3/4	2/2	2	1	i6				F	iii		i6	i		6					m	0	1	0, 4, 3		3	0	2	4	0.3333333333333333	0.125	0.375	0.25
54	54	0	0	2/2	2	1	#viio6(4)				F	iii		#viio6(4)	#vii	o	6	4				o	0	1	0, 2, 8		8	0	0	3	0.0	0.0	0.375	0.0
54	54	1/8	1/8	2/2	2	1	#viio6				F	iii		#viio6	#vii	o	6					o	0	1	5, 2, 8		8	5	2	2	0.5	0.125	0.125	0.5
54	54	1/4	1/4	2/2	2	1	#viio				F	iii		#viio	#vii	o						o	0	1	8, 5, 2		8	8	1	2	0.3333333333333333	0.0625	0.1875	0.25
54	54	3/8	3/8	2/2	2	1	V7				F	iii		V7	V		7					Mm7	0	1	4, 8, 5, 2		4	4	0	5	0.0	0.0	0.5	0.0
54	54	1/2	1/2	2/2	2	1	i6(9#76)				F	iii		i6(9#76)	i		6	9#76				m	0	1	0, -1, 8	5	3	0	1	4	0.2	0.125	0.375	0.25
54	54	5/8	5/8	2/2	2	1	i64				F	iii		i64	i		64					m	0	1	4, 3, 0		3	4	2	3	0.4	0.125	0.25	0.3333333333333333
54	54	3/4	3/4	2/2	2	1	i6				F	iii		i6	i		6					m	0	1	0, 4, 3		3	0	1	2	0.3333333333333333	0.0625	0.1875	0.25
54	54	7/8	7/8	2/2	2	1	i				F	iii		i	i							m	0	1	3, 0, 4		3	3	0	5	0.0	0.0	0.5	0.0
55	55	0	0	2/2	2	1	IV65				F	iii		IV65	IV		65					Mm7	0	1	6, 3, 0, 2		2	6	1	4	0.2	0.0625	0.5625	0.1
55	55	1/8	1/8	2/2	2	1	#viio64				F	iii		#viio64	#vii	o	64					o	0	1	2, 8, 5		8	2	0	3	0.0	0.0	0.1875	0.0
55	55	3/16	3/16	2/2	2	1	i6				F	iii		i6	i		6					m	0	1	0, 4, 3		3	0	0	3	0.0	0.0	0.1875	0.0
55	55	1/4	1/4	2/2	2	1	#viio6				F	iii		#viio6	#vii	o	6					o	0	1	5, 2, 8		8	5	1	3	0.25	0.0625	0.3125	0.16666666666666666
55	55	3/8	3/8	2/2	2	1	#viio7				F	iii		#viio7	#vii	o	7					o7	0	1	8, 5, 2, -1		8	8	0	5	0.0	0.0	0.5	0.0
55	55	1/2	1/2	2/2	2	1	i6(119)				F	iii		i6(119)	i		6	119				m	0	1	0, 4, 3	2, 5	3	0	0	4	0.0	0.0	0.625	0.0
55	55	5/8	5/8	2/2	2	1	i6				F	iii		i6	i		6					m	0	1	0, 4, 3		3	0	2	3	0.4	0.125	0.1875	0.4
55	55	3/4	3/4	2/2	2	1	V				F	iii		V	V							M	0	1	4, 8, 5		4	4	1	4	0.2	0.0625	0.6875	0.08333333333333333
56	56	0	0	2/2	2	1	i\\				F	iii		i	i						\\	m	0	1	3, 0, 4		3	3	0	10	0.0	0.0	0.8125	0.0
56	56	3/8	3/8	2/2	2	1	vi.v2				F	vi		v2	v		2					mm7	0	1	1, 3, 0, 4		3	1	0	3	0.0	0.0	0.25	0.0
56	56	1/2	1/2	2/2	2	1	III				F	vi		III	III							M	0	1	-1, 3, 0		-1	-1	0	12	0.0	0.0	1.0625	0.0
57	57	0	0	2/2	2	1	iv7(9)				F	vi		iv7(9)	iv		7	9				mm7	0	1	1, -2, 2, -1	3	1	1	0	15	0.0	0.0	1.4375	0.0
57	57	1/2	1/2	2/2	2	1	iio(9)				F	vi		iio(9)	ii	o		9				o	0	1	4, 1, -2	-1	4	4	0	4	0.0	0.0	0.4375	0.0
57	57	5/8	5/8	2/2	2	1	iio				F	vi		iio	ii	o						o	0	1	4, 1, -2		4	4	0	15	0.0	0.0	1.5	0.0
58	58	0	0	2/2	2	1	V7				F	vi		V7	V		7					Mm7	0	1	3, 7, 4, 1		3	3	0	20	0.0	0.0	2.0	0.0
58	58	1/2	1/2	2/2	2	1	i(119)				F	vi		i(119)	i			119				m	0	1	2, -1, 3	1, 4	2	2	0	5	0.0	0.0	0.5	0.0
58	58	5/8	5/8	2/2	2	1	i				F	vi		i	i							m	0	1	2, -1, 3		2	2	0	15	0.0	0.0	1.5	0.0
59	59	0	0	2/2	2	1	iv65				F	vi		iv65	iv		65					mm7	0	1	-2, 2, -1, 1		1	-2	0	12	0.0	0.0	1.0	0.0
59	59	1/2	1/2	2/2	2	1	#viio				F	vi		#viio	#vii	o						o	0	1	7, 4, 1		7	7	0	2	0.0	0.0	0.25	0.0
59	59	5/8	5/8	2/2	2	1	i				F	vi		i	i							m	0	1	2, -1, 3		2	2	0	4	0.0	0.0	0.5	0.0
59	59	3/4	3/4	2/2	2	1	V(4)				F	vi		V(4)	V			4				M	0	1	3, 2, 4		3	3	0	4	0.0	0.0	0.5	0.0
59	59	7/8	7/8	2/2	2	1	V7				F	vi		V7	V		7					Mm7	0	1	3, 7, 4, 1		3	3	0	5	0.0	0.0	0.625	0.0
60	60	0	0	2/2	2	1	i\\				F	vi		i	i						\\	m	0	1	2, -1, 3		2	2	3	10	0.23076923076923078	0.1875	0.9375	0.16666666666666666
60	60	1/2	1/2	2/2	2	1	ii.#vi%2				F	ii		#vi%2	#vi	%	2					%7	0	1	2, 4, 1, -2		4	2	2	6	0.25	0.125	0.625	0.16666666666666666
60	60	3/4	3/4	2/2	2	1	ii65				F	ii		ii65	ii		65					mm7	0	1	0, 4, 1, 3		3	0	0	7	0.0	0.0	0.625	0.0
61	61	0	0	2/2	2	1	V2				F	ii		V2	V		2					Mm7	0	1	0, 2, 6, 3		2	0	1	7	0.125	0.0625	0.6875	0.08333333333333333
61	61	1/4	1/4	2/2	2	1	i6				F	ii		i6	i		6					m	0	1	-2, 2, 1		1	-2	1	6	0.14285714285714285	0.0625	0.5625	0.1
61	61	1/2	1/2	2/2	2	1	IV2				F	ii		IV2	IV		2					Mm7	0	1	-2, 0, 4, 1		0	-2	1	7	0.125	0.0625	0.6875	0.08333333333333333
61	61	3/4	3/4	2/2	2	1	#viio6				F	ii		#viio6	#vii	o	6					o	0	1	3, 0, 6		6	3	1	6	0.14285714285714285	0.0625	0.5625	0.1
62	62	0	0	2/2	2	1	i(#72)				F	ii		i(#72)	i			#72				m	0	1	3, -2, 2	6	1	3	1	7	0.125	0.0625	0.6875	0.08333333333333333
62	62	1/4	1/4	2/2	2	1	i				F	ii		i	i							m	0	1	1, -2, 2		1	1	1	6	0.14285714285714285	0.0625	0.5625	0.1
62	62	1/2	1/2	2/2	2	1	ii%2				F	ii		ii%2	ii	%	2					%7	0	1	1, 3, 0, -3		3	1	2	6	0.25	0.125	0.5	0.2
62	62	3/4	3/4	2/2	2	1	V6				F	ii		V6	V		6					M	0	1	6, 3, 2		2	6	0	3	0.0	0.0	0.25	0.0
62	62	7/8	7/8	2/2	2	1	V7				F	ii		V7	V		7					Mm7	0	1	2, 6, 3, 0		2	2	0	4	0.0	0.0	0.375	0.0
63	63	0	0	2/2	2	1	i				F	ii		i	i							m	0	1	1, -2, 2		1	1	4	5	0.4444444444444444	0.25	0.625	0.2857142857142857
63	63	1/4	1/4	2/2	2	1	V43(4)/III				F	ii		V43(4)/III	V		43	4	III			Mm7	0	1	0, -3, -1, -2		-1	0	0	3	0.0	0.0	0.375	0.0
63	63	3/8	3/8	2/2	2	1	V2/III				F	ii		V2/III	V		2		III			Mm7	0	1	-3, -1, 3, 0		-1	-3	0	3	0.0	0.0	0.25	0.0
63	63	1/2	1/2	2/2	2	1	IIIM7				F	ii		IIIM7	III	M	7					MM7	0	1	-2, 2, -1, 3		-2	-2	1	3	0.25	0.0625	0.4375	0.125
63	63	5/8	5/8	2/2	2	1	VIM7				F	ii		VIM7	VI	M	7					MM7	0	1	-3, 1, -2, 2		-3	-3	0	3	0.0	0.0	0.375	0.0
63	63	3/4	3/4	2/2	2	1	V43(4)				F	ii		V43(4)	V		43	4				Mm7	0	1	3, 0, 2, 1		2	3	0	3	0.0	0.0	0.375	0.0
63	63	7/8	7/8	2/2	2	1	V2				F	ii		V2	V		2					Mm7	0	1	0, 2, 6, 3		2	0	0	3	0.0	0.0	0.25	0.0
64	64	0	0	2/2	2	1	i				F	ii		i	i							m	0	1	1, -2, 2		1	1	1	3	0.25	0.0625	0.3125	0.16666666666666666
64	64	1/8	1/8	2/2	2	1	i6				F	ii		i6	i		6					m	0	1	-2, 2, 1		1	-2	1	2	0.3333333333333333	0.0625	0.1875	0.25
64	64	1/4	1/4	2/2	2	1	iv7				F	ii		iv7	iv		7					mm7	0	1	0, -3, 1, -2		0	0	0	4	0.0	0.0	0.5	0.0
64	64	3/8	3/8	2/2	2	1	#viio65				F	ii		#viio65	#vii	o	65					o7	0	1	3, 0, -3, 6		6	3	0	3	0.0	0.0	0.25	0.0
64	64	1/2	1/2	2/2	2	1	i6				F	ii		i6	i		6					m	0	1	-2, 2, 1		1	-2	1	2	0.3333333333333333	0.0625	0.1875	0.25
64	64	5/8	5/8	2/2	2	1	iv				F	ii		iv	iv							m	0	1	0, -3, 1		0	0	1	2	0.3333333333333333	0.0625	0.1875	0.25
64	64	3/4	3/4	2/2	2	1	V(64)				F	ii		V(64)	V			64				M	0	1	2, 1, -2		2	2	0	3	0.0	0.0	0.25	0.0
64	64	7/8	7/8	2/2	2	1	V				F	ii		V	V							M	0	1	2, 6, 3		2	2	0	3	0.0	0.0	0.25	0.0
65	65	0	0	2/2	2	1	i\\				F	ii		i	i						\\	m	0	1	1, -2, 2		1	1	4	10	0.2857142857142857	0.25	0.875	0.2222222222222222
65	65	1/2	1/2	2/2	2	1	IV.vii%65				F	IV		vii%65	vii	%	65					%7	0	0	0, -3, 1, 3		3	0	2	6	0.25	0.125	0.625	0.16666666666666666
65	65	3/4	3/4	2/2	2	1	iii64				F	IV		iii64	iii		64					m	0	0	3, 2, -1		2	3	0	3	0.0	0.0	0.25	0.0
65	65	7/8	7/8	2/2	2	1	iii2				F	IV		iii2	iii		2					mm7	0	0	0, 2, -1, 3		2	0	0	4	0.0	0.0	0.375	0.0
66	66	0	0	2/2	2	1	vi7				F	IV		vi7	vi		7					mm7	0	0	1, -2, 2, -1		1	1	1	7	0.125	0.0625	0.6875	0.08333333333333333
66	66	1/4	1/4	2/2	2	1	ii				F	IV		ii	ii							m	0	0	0, -3, 1		0	0	1	6	0.14285714285714285	0.0625	0.5625	0.1
66	66	1/2	1/2	2/2	2	1	V65				F	IV		V65	V		65					Mm7	0	0	3, 0, -3, -1		-1	3	1	7	0.125	0.0625	0.6875	0.08333333333333333
66	66	3/4	3/4	2/2	2	1	I6(2)				F	IV		I6(2)	I		6	2				M	0	0	2, -1, 0		-2	2	1	6	0.14285714285714285	0.0625	0.5625	0.1
67	67	0	0	2/2	2	1	vi6				F	IV		vi6	vi		6					m	0	0	-2, 2, 1		1	-2	2	6	0.25	0.125	0.625	0.16666666666666666
67	67	1/4	1/4	2/2	2	1	ii65				F	IV		ii65	ii		65					mm7	0	0	-3, 1, -2, 0		0	-3	1	2	0.3333333333333333	0.0625	0.1875	0.25
67	67	3/8	3/8	2/2	2	1	V65/V				F	IV		V65/V	V		65		V			Mm7	0	0	4, 1, -2, 0		0	4	0	4	0.0	0.0	0.375	0.0
67	67	1/2	1/2	2/2	2	1	V				F	IV		V	V							M	0	0	-1, 3, 0		-1	-1	1	3	0.25	0.0625	0.4375	0.125
67	67	5/8	5/8	2/2	2	1	V2				F	IV		V2	V		2					Mm7	0	0	-3, -1, 3, 0		-1	-3	0	3	0.0	0.0	0.25	0.0
67	67	3/4	3/4	2/2	2	1	I6				F	IV		I6	I		6					M	0	0	2, -1, -2		-2	2	1	2	0.3333333333333333	0.0625	0.1875	0.25
67	67	7/8	7/8	2/2	2	1	I				F	IV		I	I							M	0	0	-2, 2, -1		-2	-2	0	5	0.0	0.0	0.5	0.0
68	68	0	0	2/2	2	1	vi7				F	IV		vi7	vi		7					mm7	0	0	1, -2, 2, -1		1	1	2	7	0.2222222222222222	0.125	0.625	0.16666666666666666
68	68	1/4	1/4	2/2	2	1	iv				F	IV		iv	iv							m	0	0	-3, -6, -2		-3	-3	2	1	0.6666666666666666	0.1875	0.0625	0.75
68	68	3/8	3/8	2/2	2	1	vii%7				F	IV		vii%7	vii	%	7					%7	0	0	3, 0, -3, 1		3	3	0	5	0.0	0.0	0.5	0.0
68	68	1/2	1/2	2/2	2	1	V7				F	IV		V7	V		7					Mm7	0	0	-1, 3, 0, -3		-1	-1	2	7	0.2222222222222222	0.125	0.625	0.16666666666666666
68	68	3/4	3/4	2/2	2	1	I				F	IV		I	I							M	0	0	-2, 2, -1		-2	-2	1	2	0.3333333333333333	0.0625	0.1875	0.25
68	68	7/8	7/8	2/2	2	1	vi7				F	IV		vi7	vi		7					mm7	0	0	1, -2, 2, -1		1	1	0	5	0.0	0.0	0.5	0.0
69	69	0	0	2/2	2	1	IVM7				F	IV		IVM7	IV	M	7					MM7	0	0	-3, 1, -2, 2		-3	-3	2	7	0.2222222222222222	0.125	0.625	0.16666666666666666
69	69	1/4	1/4	2/2	2	1	ii				F	IV		ii	ii							m	0	0	0, -3, 1		0	0	1	2	0.3333333333333333	0.0625	0.1875	0.25
69	69	3/8	3/8	2/2	2	1	vii%7				F	IV		vii%7	vii	%	7					%7	0	0	3, 0, -3, 1		3	3	0	5	0.0	0.0	0.5	0.0
69	69	1/2	1/2	2/2	2	1	V7				F	IV		V7	V		7					Mm7	0	0	-1, 3, 0, -3		-1	-1	0	4	0.0	0.0	0.5	0.0
69	69	5/8	5/8	2/2	2	1	I				F	IV		I	I							M	0	0	-2, 2, -1		-2	-2	1	3	0.25	0.0625	0.3125	0.16666666666666666
69	69	3/4	3/4	2/2	2	1	V				F	IV		V	V							M	0	0	-1, 3, 0		-1	-1	1	4	0.2	0.0625	0.6875	0.08333333333333333
70	70	0	0	2/2	2	1	I\\				F	IV		I	I						\\	M	0	0	-2, 2, -1		-2	-2	6	7	0.46153846153846156	0.375	0.4375	0.46153846153846156
70	70	3/8	3/8	2/2	2	1	I6				F	IV		I6	I		6					M	0	0	2, -1, -2		-2	2	1	3	0.25	0.0625	0.1875	0.25
70	70	1/2	1/2	2/2	2	1	ii6				F	IV		ii6	ii		6					m	0	0	-3, 1, 0		0	-3	3	5	0.375	0.1875	0.3125	0.375
70	70	3/4	3/4	2/2	2	1	V43				F	IV		V43	V		43					Mm7	0	0	0, -3, -1, 3		-1	0	1	7	0.125	0.0625	0.4375	0.125
71	71	0	0	2/2	2	1	I6				F	IV		I6	I		6					M	0	0	2, -1, -2		-2	2	3	5	0.375	0.1875	0.3125	0.375
71	71	1/4	1/4	2/2	2	1	IVM43				F	IV		IVM43	IV	M	43					MM7	0	0	-2, 2, -3, 1		-3	-2	1	7	0.125	0.0625	0.4375	0.125
71	71	1/2	1/2	2/2	2	1	viio6				F	IV		viio6	vii	o	6					o	0	0	0, -3, 3		3	0	3	5	0.375	0.1875	0.3125	0.375
71	71	3/4	3/4	2/2	2	1	iii43				F	IV		iii43	iii		43					mm7	0	0	3, 0, 2, -1		2	3	1	7	0.125	0.0625	0.4375	0.125
72	72	0	0	2/2	2	1	vi6				F	IV		vi6	vi		6					m	0	0	-2, 2, 1		1	-2	3	5	0.375	0.1875	0.3125	0.375
72	72	1/4	1/4	2/2	2	1	ii43				F	IV		ii43	ii		43					mm7	0	0	1, -2, 0, -3		0	1	1	7	0.125	0.0625	0.4375	0.125
72	72	1/2	1/2	2/2	2	1	V6				F	IV		V6	V		6					M	0	0	3, 0, -1		-1	3	3	5	0.375	0.1875	0.3125	0.375
72	72	3/4	3/4	2/2	2	1	IM43				F	IV		IM43	I	M	43					MM7	0	0	-1, 3, -2, 2		-2	-1	1	7	0.125	0.0625	0.4375	0.125
73	73	0	0	2/2	2	1	IVM65				F	IV		IVM65	IV	M	65					MM7	0	0	1, -2, 2, -3		-3	1	1	5	0.16666666666666666	0.125	0.375	0.25
73	73	1/4	1/4	2/2	2	1	ii64				F	IV		ii64	ii		64					m	0	0	1, 0, -3		0	1	0	3	0.0	0.0	0.25	0.0
73	73	3/8	3/8	2/2	2	1	viio				F	IV		viio	vii	o						o	0	0	3, 0, -3		3	3	0	3	0.0	0.0	0.25	0.0
73	73	1/2	1/2	2/2	2	1	I(9)				F	IV		I(9)	I			9				M	0	0	-2, 2, -1	0	-2	-2	0	3	0.0	0.0	0.25	0.0
73	73	5/8	5/8	2/2	2	1	viio6				F	IV		viio6	vii	o	6					o	0	0	0, -3, 3		3	0	0	3	0.0	0.0	0.25	0.0
73	73	3/4	3/4	2/2	2	1	I6				F	IV		I6	I		6					M	0	0	2, -1, -2		-2	2	0	6	0.0	0.0	0.5	0.0
74	74	0	0	2/2	2	1	IV				F	IV		IV	IV							M	0	0	-3, 1, -2		-3	-3	0	3	0.0	0.0	0.25	0.0
74	74	1/8	1/8	2/2	2	1	I6				F	IV		I6	I		6					M	0	0	2, -1, -2		-2	2	0	3	0.0	0.0	0.25	0.0
74	74	1/4	1/4	2/2	2	1	viio6(2)				F	IV		viio6(2)	vii	o	6	2				o	0	0	0, -3, -2		3	0	0	3	0.0	0.0	0.25	0.0
74	74	3/8	3/8	2/2	2	1	IV				F	IV		IV	IV							M	0	0	-3, 1, -2		-3	-3	0	3	0.0	0.0	0.25	0.0
74	74	1/2	1/2	2/2	2	1	I6				F	IV		I6	I		6					M	0	0	2, -1, -2		-2	2	0	3	0.0	0.0	0.25	0.0
74	74	5/8	5/8	2/2	2	1	viio6(2)				F	IV		viio6(2)	vii	o	6	2				o	0	0	0, -3, -2		3	0	0	3	0.0	0.0	0.25	0.0
74	74	3/4	3/4	2/2	2	1	I[I				F	IV	I	I	I							M	0	0	-2, 2, -1		-2	-2	0	3	0.0	0.0	0.375	0.0
74	74	7/8	7/8	2/2	2	1	viio6(2)	0	-9	/	F	IV	I	viio6(2)	vii	o	6	2				o	0	0	0, -3, -2		3	0	0	3	0.0	0.0	0.25	0.0
75	75	0	0	2/2	2	1	I6				F	IV	I	I6	I		6					M	0	0	2, -1, -2		-2	2	0	4	0.0	0.0	0.375	0.0
75	75	1/8	1/8	2/2	2	1	I.V2]				F	I	IV	V2	V		2					Mm7	0	0	-2, 0, 4, 1		0	-2	0	4	0.0	0.0	0.375	0.0
75	75	1/4	1/4	2/2	2	1	I6(116)				F	I		I6(116)	I		6	116				M	0	0	3, 2, -1	-2	-1	3	0	4	0.0	0.0	0.375	0.0
75	75	3/8	3/8	2/2	2	1	viio6				F	I		viio6	vii	o	6					o	0	0	1, -2, 4		4	1	0	4	0.0	0.0	0.375	0.0
75	75	1/2	1/2	2/2	2	1	I				F	I		I	I							M	0	0	-1, 3, 0		-1	-1	3	7	0.3	0.1875	0.8125	0.1875
75	75	7/8	7/8	2/2	2	1	viio(+2)	0	-9	/	F	I		viio(+2)	vii	o		+2				o	0	0	4, 1, -2	-1	4	4	0	5	0.0	0.0	0.25	0.0
76	76	0	0	2/2	2	1	I64				F	I		I64	I		64					M	0	0	0, -1, 3		-1	0	0	3	0.0	0.0	0.25	0.0
76	76	1/8	1/8	2/2	2	1	IV6				F	I		IV6	IV		6					M	0	0	2, -1, -2		-2	2	0	3	0.0	0.0	0.25	0.0
76	76	1/4	1/4	2/2	2	1	I64				F	I		I64	I		64					M	0	0	0, -1, 3		-1	0	0	3	0.0	0.0	0.25	0.0
76	76	3/8	3/8	2/2	2	1	viio64(2)				F	I		viio64(2)	vii	o	64	2				o	0	0	-2, -1, 1		4	-2	0	3	0.0	0.0	0.25	0.0
76	76	1/2	1/2	2/2	2	1	I6				F	I		I6	I		6					M	0	0	3, 0, -1		-1	3	0	3	0.0	0.0	0.625	0.0
76	76	5/8	5/8	2/2	2	1	IV				F	I		IV	IV							M	0	0	-2, 2, -1		-2	-2	0	3	0.0	0.0	0.25	0.0
76	76	3/4	3/4	2/2	2	1	I6				F	I		I6	I		6					M	0	0	3, 0, -1		-1	3	0	3	0.0	0.0	0.25	0.0
76	76	7/8	7/8	2/2	2	1	viio6(2)	0	-9	/	F	I		viio6(2)	vii	o	6	2				o	0	0	1, -2, -1		4	1	0	3	0.0	0.0	0.25	0.0
77	77	0	0	2/2	2	1	I				F	I		I	I							M	0	0	-1, 3, 0		-1	-1	0	4	0.0	0.0	0.75	0.0
77	77	1/8	1/8	2/2	2	1	viio6(2)				F	I		viio6(2)	vii	o	6	2				o	0	0	1, -2, -1		4	1	0	3	0.0	0.0	0.25	0.0
77	77	1/4	1/4	2/2	2	1	I6				F	I		I6	I		6					M	0	0	3, 0, -1		-1	3	0	3	0.0	0.0	0.25	0.0
77	77	3/8	3/8	2/2	2	1	IV				F	I		IV	IV							M	0	0	-2, 2, -1		-2	-2	0	3	0.0	0.0	0.25	0.0
77	77	1/2	1/2	2/2	2	1	V64(4)				F	I		V64(4)	V		64	4				M	0	0	1, 0, -1		0	1	0	4	0.0	0.0	0.5	0.0
77	77	5/8	5/8	2/2	2	1	V6/V				F	I		V6/V	V		6		V			M	0	0	5, 2, 1		1	5	2	2	0.5	0.125	0.125	0.5
77	77	3/4	3/4	2/2	2	1	V				F	I		V	V							M	0	0	0, 4, 1		0	0	1	7	0.125	0.0625	0.6875	0.08333333333333333
78	78	0	0	2/2	2	1	vi65				F	I		vi65	vi		65					mm7	0	0	-1, 3, 0, 2		2	-1	2	7	0.2222222222222222	0.125	0.875	0.125
78	78	1/4	1/4	2/2	2	1	ii43				F	I		ii43	ii		43					mm7	0	0	2, -1, 1, -2		1	2	0	8	0.0	0.0	0.75	0.0
78	78	1/2	1/2	2/2	2	1	V7				F	I		V7	V		7					Mm7	0	0	0, 4, 1, -2		0	0	1	8	0.1111111111111111	0.0625	0.9375	0.0625
78	78	3/4	3/4	2/2	2	1	I				F	I		I	I							M	0	0	-1, 3, 0		-1	-1	1	7	0.125	0.0625	0.6875	0.08333333333333333
79	79	0	0	2/2	2	1	vi65/IV				F	I		vi65/IV	vi		65		IV			mm7	0	0	-2, 2, -1, 1		1	-2	2	7	0.2222222222222222	0.125	0.875	0.125
79	79	1/4	1/4	2/2	2	1	ii43/IV				F	I		ii43/IV	ii		43		IV			mm7	0	0	1, -2, 0, -3		0	1	0	8	0.0	0.0	0.75	0.0
79	79	1/2	1/2	2/2	2	1	V7/IV				F	I		V7/IV	V		7		IV			Mm7	0	0	-1, 3, 0, -3		-1	-1	1	8	0.1111111111111111	0.0625	0.9375	0.0625
79	79	3/4	3/4	2/2	2	1	IV				F	I		IV	IV							M	0	0	-2, 2, -1		-2	-2	1	7	0.125	0.0625	0.6875	0.08333333333333333
80	80	0	0	2/2	2	1	ii65/IV				F	I		ii65/IV	ii		65		IV			mm7	0	0	-3, 1, -2, 0		0	-3	2	7	0.2222222222222222	0.125	0.875	0.125
80	80	1/4	1/4	2/2	2	1	V43/IV				F	I		V43/IV	V		43		IV			Mm7	0	0	0, -3, -1, 3		-1	0	0	8	0.0	0.0	0.75	0.0
80	80	1/2	1/2	2/2	2	1	IVM65				F	I		IVM65	IV	M	65					MM7	0	0	2, -1, 3, -2		-2	2	2	7	0.2222222222222222	0.125	0.875	0.125
80	80	3/4	3/4	2/2	2	1	ii6				F	I		ii6	ii		6					m	0	0	-2, 2, 1		1	-2	1	2	0.3333333333333333	0.0625	0.1875	0.25
80	80	7/8	7/8	2/2	2	1	ii				F	I		ii	ii							m	0	0	1, -2, 2		1	1	1	4	0.2	0.0625	0.4375	0.125
81	81	0	0	2/2	2	1	V65				F	I		V65	V		65					Mm7	0	0	4, 1, -2, 0		0	4	1	4	0.2	0.0625	0.4375	0.125
81	81	1/8	1/8	2/2	2	1	V				F	I		V	V							M	0	0	0, 4, 1		0	0	2	2	0.5	0.125	0.125	0.5
81	81	1/4	1/4	2/2	2	1	I6				F	I		I6	I		6					M	0	0	3, 0, -1		-1	3	1	3	0.25	0.0625	0.1875	0.25
81	81	3/8	3/8	2/2	2	1	I				F	I		I	I							M	0	0	-1, 3, 0		-1	-1	1	3	0.25	0.0625	0.1875	0.25
81	81	1/2	1/2	2/2	2	1	V				F	I		V	V							M	0	0	0, 4, 1		0	0	3	9	0.25	0.1875	0.8125	0.1875
82	82	0	0	2/2	2	1	vi2				F	I		vi2	vi		2					mm7	0	0	0, 2, -1, 3		2	0	1	6	0.14285714285714285	0.0625	0.4375	0.125
82	82	1/4	1/4	2/2	2	1	ii6				F	I		ii6	ii		6					m	0	0	-2, 2, 1		1	-2	1	5	0.16666666666666666	0.0625	0.4375	0.125
82	82	1/2	1/2	2/2	2	1	V2				F	I		V2	V		2					Mm7	0	0	-2, 0, 4, 1		0	-2	1	6	0.14285714285714285	0.0625	0.4375	0.125
82	82	3/4	3/4	2/2	2	1	I6				F	I		I6	I		6					M	0	0	3, 0, -1		-1	3	1	5	0.16666666666666666	0.0625	0.4375	0.125
83	83	0	0	2/2	2	1	IVM2				F	I		IVM2	IV	M	2					MM7	0	0	3, -2, 2, -1		-2	3	1	6	0.14285714285714285	0.0625	0.4375	0.125
83	83	1/4	1/4	2/2	2	1	viio6				F	I		viio6	vii	o	6					o	0	0	1, -2, 4		4	1	2	2	0.5	0.125	0.125	0.5
83	83	3/8	3/8	2/2	2	1	viio				F	I		viio	vii	o						o	0	0	4, 1, -2		4	4	0	4	0.0	0.0	0.25	0.0
83	83	1/2	1/2	2/2	2	1	I				F	I		I	I							M	0	0	-1, 3, 0		-1	-1	3	6	0.3333333333333333	0.1875	0.625	0.23076923076923078
83	83	7/8	7/8	2/2	2	1	vi				F	I		vi	vi							m	0	0	2, -1, 3		2	2	1	2	0.3333333333333333	0.0625	0.125	0.3333333333333333
84	84	0	0	2/2	2	1	IV				F	I		IV	IV							M	0	0	-2, 2, -1		-2	-2	3	5	0.375	0.1875	0.3125	0.375
84	84	1/4	1/4	2/2	2	1	V				F	I		V	V							M	0	0	0, 4, 1		0	0	1	3	0.25	0.0625	0.4375	0.125
84	84	1/2	1/2	2/2	2	1	I\\				F	I		I	I						\\	M	0	0	-1, 3, 0		-1	-1	3	7	0.3	0.1875	0.6875	0.21428571428571427
85	85	0	0	2/2	2	1	V[V				F	I	V	V	V							M	0	0	0, 4, 1		0	0	1	2	0.3333333333333333	0.0625	0.1875	0.25
85	85	1/8	1/8	2/2	2	1	V7				F	I	V	V7	V		7					Mm7	0	0	0, 4, 1, -2		0	0	0	3	0.0	0.0	0.25	0.0
85	85	1/4	1/4	2/2	2	1	I6				F	I	V	I6	I		6					M	0	0	3, 0, -1		-1	3	1	4	0.2	0.0625	0.3125	0.16666666666666666
85	85	1/2	1/2	2/2	2	1	V				F	I	V	V	V							M	0	0	0, 4, 1		0	0	1	2	0.3333333333333333	0.0625	0.1875	0.25
85	85	5/8	5/8	2/2	2	1	V7				F	I	V	V7	V		7					Mm7	0	0	0, 4, 1, -2		0	0	0	3	0.0	0.0	0.25	0.0
85	85	3/4	3/4	2/2	2	1	I6				F	I	V	I6	I		6					M	0	0	3, 0, -1		-1	3	1	1	0.5	0.0625	0.0625	0.5
85	85	7/8	7/8	2/2	2	1	V				F	I	V	V	V							M	0	0	0, 4, 1		0	0	0	3	0.0	0.0	0.25	0.0
86	86	0	0	2/2	2	1	i64				F	I	V	i64	i		64					m	0	0	0, -1, -4		-1	0	1	5	0.16666666666666666	0.0625	0.4375	0.125
86	86	1/4	1/4	2/2	2	1	viio/V				F	I	V	viio/V	vii	o			V			o	0	0	5, 2, -1		5	5	3	2	0.6	0.25	0.125	0.6666666666666666
86	86	1/2	1/2	2/2	2	1	i64				F	I	V	i64	i		64					m	0	0	0, -1, -4		-1	0	1	5	0.16666666666666666	0.0625	0.4375	0.125
86	86	3/4	3/4	2/2	2	1	viio/V				F	I	V	viio/V	vii	o			V			o	0	0	5, 2, -1		5	5	2	3	0.4	0.1875	0.1875	0.5
87	87	0	0	2/2	2	1	V]				F	I	V	V	V							M	0	0	0, 4, 1		0	0	1	5	0.16666666666666666	0.0625	0.4375	0.125
87	87	1/4	1/4	2/2	2	1	iv2				F	I		iv2	iv		2					mm7	0	0	-4, -2, -5, -1		-2	-4	1	3	0.25	0.0625	0.1875	0.25
87	87	1/2	1/2	2/2	2	1	viio(2)				F	I		viio(2)	vii	o		2				o	0	0	-1, 1, -2		4	-1	1	3	0.25	0.0625	0.1875	0.25
87	87	3/4	3/4	2/2	2	1	V				F	I		V	V							M	0	0	0, 4, 1		0	0	1	3	0.25	0.0625	0.1875	0.25
88	88	0	0	2/2	2	1	iv2				F	I		iv2	iv		2					mm7	0	0	-4, -2, -5, -1		-2	-4	1	3	0.25	0.0625	0.1875	0.25
88	88	1/4	1/4	2/2	2	1	viio(2)				F	I		viio(2)	vii	o		2				o	0	0	-1, 1, -2		4	-1	1	3	0.25	0.0625	0.1875	0.25
88	88	1/2	1/2	2/2	2	1	viio				F	I		viio	vii	o						o	0	0	4, 1, -2		4	4	0	1	0.0	0.0	0.125	0.0
88	88	5/8	5/8	2/2	2	1	I				F	I		I	I							M	0	0	-1, 3, 0		-1	-1	1	4	0.2	0.03125	0.34375	0.08333333333333333
88	88	3/4	3/4	2/2	2	1	V(64)				F	I		V(64)	V			64				M	0	0	0, -1, 3		0	0	0	3	0.0	0.0	0.375	0.0
88	88	7/8	7/8	2/2	2	1	V				F	I		V	V							M	0	0	0, 4, 1		0	0	1	3	0.25	0.0625	0.3125	0.16666666666666666
89	89	0	0	2/2	2	1	I\\				F	I		I	I						\\	M	0	0	-1, 3, 0		-1	-1	3	7	0.3	0.1875	0.4375	0.3
89	89	1/2	1/2	2/2	2	1	IV				F	I		IV	IV							M	0	0	-2, 2, -1		-2	-2	2	2	0.5	0.125	0.125	0.5
89	89	3/4	3/4	2/2	2	1	V43				F	I		V43	V		43					Mm7	0	0	1, -2, 0, 4		0	1	0	4	0.0	0.0	0.25	0.0
90	90	0	0	2/2	2	1	I64				F	I		I64	I		64					M	0	0	0, -1, 3		-1	0	2	3	0.4	0.125	0.3125	0.2857142857142857
90	90	1/4	1/4	2/2	2	1	I				F	I		I	I							M	0	0	-1, 3, 0		-1	-1	1	5	0.16666666666666666	0.0625	0.4375	0.125
90	90	1/2	1/2	2/2	2	1	IV				F	I		IV	IV							M	0	0	-2, 2, -1		-2	-2	3	3	0.5	0.1875	0.3125	0.375
90	90	3/4	3/4	2/2	2	1	V43				F	I		V43	V		43					Mm7	0	0	1, -2, 0, 4		0	1	1	5	0.16666666666666666	0.0625	0.4375	0.125
91	91	0	0	2/2	2	1	I6				F	I		I6	I		6					M	0	0	3, 0, -1		-1	3	1	2	0.3333333333333333	0.0625	0.1875	0.25
91	91	1/8	1/8	2/2	2	1	I				F	I		I	I							M	0	0	-1, 3, 0		-1	-1	1	2	0.3333333333333333	0.0625	0.1875	0.25
91	91	1/4	1/4	2/2	2	1	vi6				F	I		vi6	vi		6					m	0	0	-1, 3, 2		2	-1	1	5	0.16666666666666666	0.0625	0.4375	0.125
91	91	1/2	1/2	2/2	2	1	V2/V				F	I		V2/V	V		2		V			Mm7	0	0	-1, 1, 5, 2		1	-1	1	5	0.16666666666666666	0.0625	0.4375	0.125
91	91	3/4	3/4	2/2	2	1	V6				F	I		V6	V		6					M	0	0	4, 1, 0		0	4	1	5	0.16666666666666666	0.0625	0.4375	0.125
92	92	0	0	2/2	2	1	ii(2)/V				F	I		ii(2)/V	ii			2	V			m	0	0	4, -1, 3		2	4	1	2	0.3333333333333333	0.0625	0.1875	0.25
92	92	1/8	1/8	2/2	2	1	IV6/V				F	I		IV6/V	IV		6		V			M	0	0	3, 0, -1		-1	3	0	3	0.0	0.0	0.25	0.0
92	92	1/4	1/4	2/2	2	1	viio6/V				F	I		viio6/V	vii	o	6		V			o	0	0	2, -1, 5		5	2	1	5	0.16666666666666666	0.0625	0.4375	0.125
92	92	1/2	1/2	2/2	2	1	iii2/V				F	I		iii2/V	iii		2		V			mm7	0	0	2, 4, 1, 5		4	2	1	5	0.16666666666666666	0.0625	0.4375	0.125
92	92	3/4	3/4	2/2	2	1	vi6/V				F	I		vi6/V	vi		6		V			m	0	0	0, 4, 3		3	0	1	5	0.16666666666666666	0.0625	0.4375	0.125
93	93	0	0	2/2	2	1	IVM43/V				F	I		IVM43/V	IV	M	43		V			MM7	0	0	0, 4, -1, 3		-1	0	1	5	0.16666666666666666	0.0625	0.4375	0.125
93	93	1/4	1/4	2/2	2	1	V6/V				F	I		V6/V	V		6		V			M	0	0	5, 2, 1		1	5	1	2	0.3333333333333333	0.0625	0.25	0.2
93	93	3/8	3/8	2/2	2	1	V2/V				F	I		V2/V	V		2		V			Mm7	0	0	-1, 1, 5, 2		1	-1	0	3	0.0	0.0	0.1875	0.0
93	93	1/2	1/2	2/2	2	1	V6(2)				F	I		V6(2)	V		6	2				M	0	0	4, 1, 2		0	4	2	3	0.4	0.125	0.375	0.25
93	93	3/4	3/4	2/2	2	1	V6				F	I		V6	V		6					M	0	0	4, 1, 0		0	4	2	2	0.5	0.125	0.125	0.5
93	93	7/8	7/8	2/2	2	1	V				F	I		V	V							M	0	0	0, 4, 1		0	0	1	3	0.25	0.0625	0.1875	0.25
94	94	0	0	2/2	2	1	IV6/V				F	I		IV6/V	IV		6		V			M	0	0	3, 0, -1		-1	3	2	2	0.5	0.125	0.125	0.5
94	94	1/8	1/8	2/2	2	1	IV/V				F	I		IV/V	IV				V			M	0	0	-1, 3, 0		-1	-1	1	3	0.25	0.0625	0.1875	0.25
94	94	1/4	1/4	2/2	2	1	V7/V				F	I		V7/V	V		7		V			Mm7	0	0	1, 5, 2, -1		1	1	0	6	0.0	0.0	0.5	0.0
94	94	1/2	1/2	2/2	2	1	V				F	I		V	V							M	0	0	0, 4, 1		0	0	0	3	0.0	0.0	0.25	0.0
94	94	5/8	5/8	2/2	2	1	vi/V				F	I		vi/V	vi				V			m	0	0	3, 0, 4		3	3	1	2	0.3333333333333333	0.0625	0.1875	0.25
94	94	3/4	3/4	2/2	2	1	V				F	I		V	V							M	0	0	0, 4, 1		0	0	1	5	0.16666666666666666	0.0625	0.4375	0.125
95	95	0	0	2/2	2	1	IV/V				F	I		IV/V	IV				V			M	0	0	-1, 3, 0		-1	-1	3	5	0.375	0.125	0.375	0.25
95	95	1/4	1/4	2/2	2	1	V43/V				F	I		V43/V	V		43		V			Mm7	0	0	2, -1, 1, 5		1	2	0	6	0.0	0.0	0.5	0.0
95	95	1/2	1/2	2/2	2	1	VM7				F	I		VM7	V	M	7					MM7	0	0	0, 4, 1, 5		0	0	1	5	0.16666666666666666	0.0625	0.4375	0.125
95	95	3/4	3/4	2/2	2	1	IV/V				F	I		IV/V	IV				V			M	0	0	-1, 3, 0		-1	-1	1	5	0.16666666666666666	0.0625	0.4375	0.125
96	96	0	0	2/2	2	1	vii%7/V				F	I		vii%7/V	vii	%	7		V			%7	0	0	5, 2, -1, 3		5	5	2	5	0.2857142857142857	0.09375	0.40625	0.1875
96	96	1/4	1/4	2/2	2	1	iii/V				F	I		iii/V	iii				V			m	0	0	4, 1, 5		4	4	1	5	0.16666666666666666	0.0625	0.4375	0.125
96	96	1/2	1/2	2/2	2	1	vi7/V				F	I		vi7/V	vi		7		V			mm7	0	0	3, 0, 4, 1		3	3	1	5	0.16666666666666666	0.0625	0.4375	0.125
96	96	3/4	3/4	2/2	2	1	ii/V				F	I		ii/V	ii				V			m	0	0	2, -1, 3		2	2	1	5	0.16666666666666666	0.0625	0.4375	0.125
97	97	0	0	2/2	2	1	V7/V				F	I		V7/V	V		7		V			Mm7	0	0	1, 5, 2, -1		1	1	1	2	0.3333333333333333	0.0625	0.1875	0.25
97	97	1/8	1/8	2/2	2	1	V				F	I		V	V							M	0	0	0, 4, 1		0	0	2	7	0.2222222222222222	0.125	0.625	0.16666666666666666
97	97	1/2	1/2	2/2	2	1	ii65(4)				F	I		ii65(4)	ii		65	4				mm7	0	0	0, 2, -1, 1		1	0	1	5	0.16666666666666666	0.0625	0.4375	0.125
97	97	3/4	3/4	2/2	2	1	ii65				F	I		ii65	ii		65					mm7	0	0	-2, 2, -1, 1		1	-2	0	6	0.0	0.0	0.5	0.0
98	98	0	0	2/2	2	1	V2				F	I		V2	V		2					Mm7	0	0	-2, 0, 4, 1		0	-2	1	6	0.14285714285714285	0.0625	0.4375	0.125
98	98	1/4	1/4	2/2	2	1	I6				F	I		I6	I		6					M	0	0	3, 0, -1		-1	3	2	2	0.5	0.125	0.125	0.5
98	98	3/8	3/8	2/2	2	1	I				F	I		I	I							M	0	0	-1, 3, 0		-1	-1	1	3	0.25	0.0625	0.1875	0.25
98	98	1/2	1/2	2/2	2	1	IV6				F	I		IV6	IV		6					M	0	0	2, -1, -2		-2	2	2	2	0.5	0.125	0.125	0.5
98	98	5/8	5/8	2/2	2	1	IV				F	I		IV	IV							M	0	0	-2, 2, -1		-2	-2	1	3	0.25	0.0625	0.1875	0.25
98	98	3/4	3/4	2/2	2	1	V7				F	I		V7	V		7					Mm7	0	0	0, 4, 1, -2		0	0	0	6	0.0	0.0	0.5	0.0
99	99	0	0	2/2	2	1	I\\				F	I		I	I						\\	M	0	0	-1, 3, 0		-1	-1	4	6	0.4	0.25	0.625	0.2857142857142857
99	99	1/2	1/2	2/2	2	1	V/V				F	I		V/V	V				V			M	0	0	1, 5, 2		1	1	8	8	0.5	0.5	0.5	0.5
100	100	0	0	2/2	2	1	V				F	I		V	V							M	0	0	0, 4, 1		0	0	0	2	0.0	0.0	0.3125	0.0
100	100	1/8	1/8	2/2	2	1	IV/V				F	I		IV/V	IV				V			M	0	0	-1, 3, 0		-1	-1	0	2	0.0	0.0	0.1875	0.0
100	100	1/4	1/4	2/2	2	1	V/V				F	I		V/V	V				V			M	0	0	1, 5, 2		1	1	1	3	0.25	0.0625	0.4375	0.125
100	100	1/2	1/2	2/2	2	1	V				F	I		V	V							M	0	0	0, 4, 1		0	0	3	8	0.2727272727272727	0.1875	0.8125	0.1875
101	101	0	0	2/2	2	1	ii65(4)				F	I		ii65(4)	ii		65	4				mm7	0	0	0, 2, -1, 1		1	0	1	5	0.16666666666666666	0.0625	0.4375	0.125
101	101	1/4	1/4	2/2	2	1	ii65				F	I		ii65	ii		65					mm7	0	0	-2, 2, -1, 1		1	-2	0	6	0.0	0.0	0.5	0.0
101	101	1/2	1/2	2/2	2	1	V7				F	I		V7	V		7					Mm7	0	0	0, 4, 1, -2		0	0	1	5	0.16666666666666666	0.0625	0.4375	0.125
101	101	3/4	3/4	2/2	2	1	I				F	I		I	I							M	0	0	-1, 3, 0		-1	-1	1	5	0.16666666666666666	0.0625	0.4375	0.125
102	102	0	0	2/2	2	1	ii65				F	I		ii65	ii		65					mm7	0	0	-2, 2, -1, 1		1	-2	2	4	0.3333333333333333	0.125	0.375	0.25
102	102	1/4	1/4	2/2	2	1	ii43/IV				F	I		ii43/IV	ii		43		IV			mm7	0	0	1, -2, 0, -3		0	1	0	6	0.0	0.0	0.5	0.0
102	102	1/2	1/2	2/2	2	1	V65/IV				F	I		V65/IV	V		65		IV			Mm7	0	0	3, 0, -3, -1		-1	3	0	3	0.0	0.0	0.25	0.0
102	102	5/8	5/8	2/2	2	1	V7/IV				F	I		V7/IV	V		7		IV			Mm7	0	0	-1, 3, 0, -3		-1	-1	1	2	0.3333333333333333	0.0625	0.1875	0.25
102	102	3/4	3/4	2/2	2	1	IV				F	I		IV	IV							M	0	0	-2, 2, -1		-2	-2	1	5	0.16666666666666666	0.0625	0.4375	0.125
103	103	0	0	2/2	2	1	V65(4)/IV				F	I		V65(4)/IV	V		65	4	IV			Mm7	0	0	-2, 0, -3, -1		-1	-2	1	5	0.16666666666666666	0.0625	0.4375	0.125
103	103	1/4	1/4	2/2	2	1	V65/IV				F	I		V65/IV	V		65		IV			Mm7	0	0	3, 0, -3, -1		-1	3	1	5	0.16666666666666666	0.0625	0.4375	0.125
103	103	1/2	1/2	2/2	2	1	IV6				F	I		IV6	IV		6					M	0	0	2, -1, -2		-2	2	1	5	0.16666666666666666	0.0625	0.4375	0.125
103	103	3/4	3/4	2/2	2	1	ii				F	I		ii	ii							m	0	0	1, -2, 2		1	1	1	9	0.1	0.0625	0.9375	0.0625
104	104	0	0	2/2	2	1	V7				F	I		V7	V		7					Mm7	0	0	0, 4, 1, -2		0	0	1	9	0.1	0.0625	0.9375	0.0625
104	104	1/4	1/4	2/2	2	1	IM7				F	I		IM7	I	M	7					MM7	0	0	-1, 3, 0, 4		-1	-1	1	9	0.1	0.0625	0.9375	0.0625
104	104	1/2	1/2	2/2	2	1	IVM7				F	I		IVM7	IV	M	7					MM7	0	0	-2, 2, -1, 3		-2	-2	0	5	0.0	0.0	0.5	0.0
104	104	5/8	5/8	2/2	2	1	ii				F	I		ii	ii							m	0	0	1, -2, 2		1	1	1	2	0.3333333333333333	0.0625	0.1875	0.25
104	104	3/4	3/4	2/2	2	1	vii%7				F	I		vii%7	vii	%	7					%7	0	0	4, 1, -2, 2		4	4	0	4	0.0	0.0	0.5	0.0
104	104	7/8	7/8	2/2	2	1	ii6				F	I		ii6	ii		6					m	0	0	-2, 2, 1		1	-2	1	3	0.25	0.0625	0.1875	0.25
105	105	0	0	2/2	2	1	iii7				F	I		iii7	iii		7					mm7	0	0	3, 0, 4, 1		3	3	1	7	0.125	0.0625	0.6875	0.08333333333333333
105	105	1/4	1/4	2/2	2	1	vi7				F	I		vi7	vi		7					mm7	0	0	2, -1, 3, 0		2	2	1	7	0.125	0.0625	0.6875	0.08333333333333333
105	105	1/2	1/2	2/2	2	1	ii7				F	I		ii7	ii		7					mm7	0	0	1, -2, 2, -1		1	1	1	7	0.125	0.0625	0.6875	0.08333333333333333
105	105	3/4	3/4	2/2	2	1	V7				F	I		V7	V		7					Mm7	0	0	0, 4, 1, -2		0	0	2	6	0.25	0.125	0.625	0.16666666666666666
106	106	0	0	2/2	2	1	vi				F	I		vi	vi							m	0	0	2, -1, 3		2	2	2	8	0.2	0.125	0.875	0.125
106	106	1/2	1/2	2/2	2	1	ii				F	I		ii	ii							m	0	0	1, -2, 2		1	1	4	4	0.5	0.25	0.25	0.5
106	106	3/4	3/4	2/2	2	1	V7				F	I		V7	V		7					Mm7	0	0	0, 4, 1, -2		0	0	1	7	0.125	0.0625	0.4375	0.125
107	107	0	0	2/2	2	1	I				F	I		I	I							M	0	0	-1, 3, 0		-1	-1	2	4	0.3333333333333333	0.125	0.375	0.25
107	107	1/4	1/4	2/2	2	1	vi				F	I		vi	vi							m	0	0	2, -1, 3		2	2	1	2	0.3333333333333333	0.0625	0.25	0.2
107	107	3/8	3/8	2/2	2	1	I6				F	I		I6	I		6					M	0	0	3, 0, -1		-1	3	1	4	0.2	0.0625	0.25	0.2
107	107	1/2	1/2	2/2	2	1	ii65				F	I		ii65	ii		65					mm7	0	0	-2, 2, -1, 1		1	-2	1	4	0.2	0.0625	0.5625	0.1
107	107	5/8	5/8	2/2	2	1	ii7				F	I		ii7	ii		7					mm7	0	0	1, -2, 2, -1		1	1	1	2	0.3333333333333333	0.0625	0.1875	0.25
107	107	3/4	3/4	2/2	2	1	V				F	I		V	V							M	0	0	0, 4, 1		0	0	0	4	0.0	0.0	0.4375	0.0
107	107	7/8	7/8	2/2	2	1	V7				F	I		V7	V		7					Mm7	0	0	0, 4, 1, -2		0	0	0	4	0.0	0.0	0.3125	0.0
108	108	0	0	2/2	2	1	I\\				F	I		I	I						\\	M	0	0	-1, 3, 0		-1	-1	0	3	0.0	0.0	0.75	0.0
